output_filename,cubes,modr v L,core r cm,keff,keff unc,therm fis %
o_b8hcp-caseSC-c1000-r59_52-d2o96_8-v1200.o,1000.0,1200.0,59.52216,0.9109,0.00015,83.35
o_b8hcp-caseSC-c1000-r62_38-d2o96_8-v1400.o,1000.0,1400.0,62.37779,0.93388,0.00015,84.85
o_b8hcp-caseSC-c1000-r67_41-d2o96_8-v1800.o,1000.0,1800.0,67.41403,0.96234,0.00015,86.82
o_b8hcp-caseSC-c1000-r69_67-d2o96_8-v2000.o,1000.0,2000.0,69.67223,0.97043,0.00016,87.53
o_b8hcp-caseSC-c1000-r70_75-d2o96_8-v2100.o,1000.0,2100.0,70.74842,0.97389,0.00015,87.8
o_b8hcp-caseSC-c1000-r71_79-d2o96_8-v2200.o,1000.0,2200.0,71.79282,0.97627,0.00015,88.06
o_b8hcp-caseSC-c1000-r72_81-d2o96_8-v2300.o,1000.0,2300.0,72.8077,0.97883,0.00015,88.29
o_b8hcp-caseSC-c1000-r73_80-d2o96_8-v2400.o,1000.0,2400.0,73.79504,0.98005,0.00015,88.51
o_b8hcp-caseSC-c1000-r74_76-d2o96_8-v2500.o,1000.0,2500.0,74.75665,0.98161,0.00015,88.68
o_b8hcp-caseSC-c1000-r75_69-d2o96_8-v2600.o,1000.0,2600.0,75.69413,0.98211,0.00014,88.86
o_b8hcp-caseSC-c1000-r76_61-d2o96_8-v2700.o,1000.0,2700.0,76.60895,0.98269,0.00014,89.02
o_b8hcp-caseSC-c1000-r77_50-d2o96_8-v2800.o,1000.0,2800.0,77.50243,0.983,0.00016,89.16
o_b8hcp-caseSC-c1000-r78_38-d2o96_8-v2900.o,1000.0,2900.0,78.37577,0.98324,0.00016,89.3
o_b8hcp-caseSC-c1000-r79_23-d2o96_8-v3000.o,1000.0,3000.0,79.23007,0.98297,0.00017,89.43
o_b8hcp-caseSC-c1000-r80_07-d2o96_8-v3100.o,1000.0,3100.0,80.06634,0.98256,0.00014,89.53
o_b8hcp-caseSC-c1000-r80_89-d2o96_8-v3200.o,1000.0,3200.0,80.88548,0.98193,0.00015,89.65
o_b8hcp-caseSC-c1000-r81_69-d2o96_8-v3300.o,1000.0,3300.0,81.68837,0.98113,0.00016,89.72
o_b8hcp-caseSC-c1000-r82_48-d2o96_8-v3400.o,1000.0,3400.0,82.47578,0.98033,0.00015,89.84
o_b8hcp-caseSC-c1000-r83_25-d2o96_8-v3500.o,1000.0,3500.0,83.24843,0.97944,0.00015,89.9
o_b8hcp-caseSC-c1000-r84_01-d2o96_8-v3600.o,1000.0,3600.0,84.007,0.97816,0.00015,89.98
o_b8hcp-caseSC-c1000-r84_75-d2o96_8-v3700.o,1000.0,3700.0,84.75211,0.97696,0.00014,90.05
o_b8hcp-caseSC-c1000-r85_48-d2o96_8-v3800.o,1000.0,3800.0,85.48435,0.97588,0.00014,90.13
o_b8hcp-caseSC-c1000-r86_91-d2o96_8-v4000.o,1000.0,4000.0,86.91232,0.97252,0.00015,90.24
o_b8hcp-caseSC-c1000-r87_61-d2o96_8-v4100.o,1000.0,4100.0,87.60905,0.97083,0.00014,90.28
o_b8hcp-caseSC-c1000-r88_29-d2o96_8-v4200.o,1000.0,4200.0,88.29486,0.96895,0.00014,90.33
o_b8hcp-caseSC-c1100-r59_71-d2o96_8-v1200.o,1100.0,1200.0,59.70875,0.91121,0.00017,82.99
o_b8hcp-caseSC-c1100-r62_55-d2o96_8-v1400.o,1100.0,1400.0,62.54776,0.93512,0.00015,84.57
o_b8hcp-caseSC-c1100-r67_56-d2o96_8-v1800.o,1100.0,1800.0,67.55963,0.9652,0.00016,86.64
o_b8hcp-caseSC-c1100-r69_81-d2o96_8-v2000.o,1100.0,2000.0,69.80857,0.97427,0.00016,87.36
o_b8hcp-caseSC-c1100-r70_88-d2o96_8-v2100.o,1100.0,2100.0,70.88066,0.97748,0.00016,87.66
o_b8hcp-caseSC-c1100-r71_92-d2o96_8-v2200.o,1100.0,2200.0,71.92125,0.98069,0.00016,87.91
o_b8hcp-caseSC-c1100-r72_93-d2o96_8-v2300.o,1100.0,2300.0,72.93258,0.98311,0.00016,88.16
o_b8hcp-caseSC-c1100-r73_92-d2o96_8-v2400.o,1100.0,2400.0,73.91661,0.98456,0.00016,88.37
o_b8hcp-caseSC-c1100-r74_88-d2o96_8-v2500.o,1100.0,2500.0,74.87512,0.98616,0.00015,88.58
o_b8hcp-caseSC-c1100-r75_81-d2o96_8-v2600.o,1100.0,2600.0,75.8097,0.98749,0.00017,88.77
o_b8hcp-caseSC-c1100-r76_72-d2o96_8-v2700.o,1100.0,2700.0,76.72178,0.98791,0.00017,88.92
o_b8hcp-caseSC-c1100-r77_61-d2o96_8-v2800.o,1100.0,2800.0,77.61268,0.98883,0.00013,89.06
o_b8hcp-caseSC-c1100-r78_48-d2o96_8-v2900.o,1100.0,2900.0,78.48358,0.98873,0.00013,89.21
o_b8hcp-caseSC-c1100-r79_34-d2o96_8-v3000.o,1100.0,3000.0,79.33557,0.98905,0.00016,89.35
o_b8hcp-caseSC-c1100-r80_17-d2o96_8-v3100.o,1100.0,3100.0,80.16965,0.98864,0.00017,89.45
o_b8hcp-caseSC-c1100-r80_99-d2o96_8-v3200.o,1100.0,3200.0,80.98672,0.98822,0.00016,89.57
o_b8hcp-caseSC-c1100-r81_79-d2o96_8-v3300.o,1100.0,3300.0,81.78763,0.98763,0.00016,89.66
o_b8hcp-caseSC-c1100-r82_57-d2o96_8-v3400.o,1100.0,3400.0,82.57315,0.98678,0.00015,89.77
o_b8hcp-caseSC-c1100-r83_34-d2o96_8-v3500.o,1100.0,3500.0,83.34401,0.98591,0.00018,89.85
o_b8hcp-caseSC-c1100-r84_10-d2o96_8-v3600.o,1100.0,3600.0,84.10086,0.9849,0.00015,89.92
o_b8hcp-caseSC-c1100-r84_84-d2o96_8-v3700.o,1100.0,3700.0,84.84433,0.9839,0.00018,90.01
o_b8hcp-caseSC-c1100-r85_57-d2o96_8-v3800.o,1100.0,3800.0,85.575,0.98247,0.00015,90.07
o_b8hcp-caseSC-c1100-r87_00-d2o96_8-v4000.o,1100.0,4000.0,87.00003,0.97989,0.00015,90.2
o_b8hcp-caseSC-c1100-r87_70-d2o96_8-v4100.o,1100.0,4100.0,87.69536,0.97795,0.00017,90.26
o_b8hcp-caseSC-c1100-r88_38-d2o96_8-v4200.o,1100.0,4200.0,88.37984,0.97656,0.00015,90.3
o_b8hcp-caseSC-c1150-r59_80-d2o96_8-v1200.o,1150.0,1200.0,59.80161,0.90753,0.00017,82.59
o_b8hcp-caseSC-c1150-r62_63-d2o96_8-v1400.o,1150.0,1400.0,62.6324,0.93268,0.00016,84.23
o_b8hcp-caseSC-c1150-r67_63-d2o96_8-v1800.o,1150.0,1800.0,67.6322,0.96462,0.00016,86.4
o_b8hcp-caseSC-c1150-r69_88-d2o96_8-v2000.o,1150.0,2000.0,69.87654,0.97425,0.00016,87.13
o_b8hcp-caseSC-c1150-r70_95-d2o96_8-v2100.o,1150.0,2100.0,70.94659,0.97793,0.00016,87.44
o_b8hcp-caseSC-c1150-r71_99-d2o96_8-v2200.o,1150.0,2200.0,71.9853,0.98167,0.00015,87.72
o_b8hcp-caseSC-c1150-r72_99-d2o96_8-v2300.o,1150.0,2300.0,72.99486,0.98427,0.00014,87.98
o_b8hcp-caseSC-c1150-r73_98-d2o96_8-v2400.o,1150.0,2400.0,73.97725,0.98632,0.00016,88.22
o_b8hcp-caseSC-c1150-r74_93-d2o96_8-v2500.o,1150.0,2500.0,74.93422,0.98821,0.00014,88.43
o_b8hcp-caseSC-c1150-r75_87-d2o96_8-v2600.o,1150.0,2600.0,75.86735,0.98977,0.00015,88.6
o_b8hcp-caseSC-c1150-r76_78-d2o96_8-v2700.o,1150.0,2700.0,76.77807,0.99077,0.00014,88.8
o_b8hcp-caseSC-c1150-r77_67-d2o96_8-v2800.o,1150.0,2800.0,77.66768,0.99172,0.00017,88.95
o_b8hcp-caseSC-c1150-r78_54-d2o96_8-v2900.o,1150.0,2900.0,78.53737,0.99171,0.00015,89.08
o_b8hcp-caseSC-c1150-r79_39-d2o96_8-v3000.o,1150.0,3000.0,79.38822,0.99195,0.00018,89.22
o_b8hcp-caseSC-c1150-r80_22-d2o96_8-v3100.o,1150.0,3100.0,80.2212,0.99216,0.00015,89.35
o_b8hcp-caseSC-c1150-r81_04-d2o96_8-v3200.o,1150.0,3200.0,81.03724,0.99179,0.00014,89.48
o_b8hcp-caseSC-c1150-r81_84-d2o96_8-v3300.o,1150.0,3300.0,81.83717,0.99182,0.00016,89.57
o_b8hcp-caseSC-c1150-r82_62-d2o96_8-v3400.o,1150.0,3400.0,82.62175,0.99103,0.00016,89.68
o_b8hcp-caseSC-c1150-r83_39-d2o96_8-v3500.o,1150.0,3500.0,83.39171,0.99045,0.00013,89.77
o_b8hcp-caseSC-c1150-r84_15-d2o96_8-v3600.o,1150.0,3600.0,84.14771,0.98999,0.00013,89.86
o_b8hcp-caseSC-c1150-r84_89-d2o96_8-v3700.o,1150.0,3700.0,84.89037,0.98853,0.00014,89.93
o_b8hcp-caseSC-c1150-r85_62-d2o96_8-v3800.o,1150.0,3800.0,85.62025,0.9878,0.00015,90.02
o_b8hcp-caseSC-c1150-r87_04-d2o96_8-v4000.o,1150.0,4000.0,87.04381,0.98534,0.00015,90.13
o_b8hcp-caseSC-c1150-r87_74-d2o96_8-v4100.o,1150.0,4100.0,87.73845,0.98371,0.00015,90.2
o_b8hcp-caseSC-c1150-r88_42-d2o96_8-v4200.o,1150.0,4200.0,88.42227,0.98257,0.00014,90.25
o_b8hcp-caseSC-c1200-r59_89-d2o96_8-v1200.o,1200.0,1200.0,59.89418,0.90725,0.00017,82.42
o_b8hcp-caseSC-c1200-r62_72-d2o96_8-v1400.o,1200.0,1400.0,62.71681,0.93284,0.00016,84.08
o_b8hcp-caseSC-c1200-r67_70-d2o96_8-v1800.o,1200.0,1800.0,67.70461,0.96571,0.00014,86.27
o_b8hcp-caseSC-c1200-r69_94-d2o96_8-v2000.o,1200.0,2000.0,69.94439,0.97587,0.00015,87.03
o_b8hcp-caseSC-c1200-r71_01-d2o96_8-v2100.o,1200.0,2100.0,71.0124,0.97975,0.00015,87.35
o_b8hcp-caseSC-c1200-r72_05-d2o96_8-v2200.o,1200.0,2200.0,72.04923,0.98356,0.00014,87.64
o_b8hcp-caseSC-c1200-r73_06-d2o96_8-v2300.o,1200.0,2300.0,73.05704,0.98581,0.00017,87.88
o_b8hcp-caseSC-c1200-r74_04-d2o96_8-v2400.o,1200.0,2400.0,74.03779,0.98831,0.00014,88.13
o_b8hcp-caseSC-c1200-r74_99-d2o96_8-v2500.o,1200.0,2500.0,74.99322,0.99041,0.00013,88.35
o_b8hcp-caseSC-c1200-r75_92-d2o96_8-v2600.o,1200.0,2600.0,75.92491,0.99165,0.00014,88.56
o_b8hcp-caseSC-c1200-r76_83-d2o96_8-v2700.o,1200.0,2700.0,76.83427,0.99328,0.00015,88.73
o_b8hcp-caseSC-c1200-r77_72-d2o96_8-v2800.o,1200.0,2800.0,77.72261,0.99372,0.00016,88.88
o_b8hcp-caseSC-c1200-r78_59-d2o96_8-v2900.o,1200.0,2900.0,78.59109,0.99489,0.00015,89.03
o_b8hcp-caseSC-c1200-r79_44-d2o96_8-v3000.o,1200.0,3000.0,79.44079,0.99491,0.00016,89.18
o_b8hcp-caseSC-c1200-r80_27-d2o96_8-v3100.o,1200.0,3100.0,80.27269,0.99528,0.00016,89.3
o_b8hcp-caseSC-c1200-r81_09-d2o96_8-v3200.o,1200.0,3200.0,81.0877,0.99528,0.00014,89.43
o_b8hcp-caseSC-c1200-r81_89-d2o96_8-v3300.o,1200.0,3300.0,81.88664,0.99501,0.00015,89.53
o_b8hcp-caseSC-c1200-r82_67-d2o96_8-v3400.o,1200.0,3400.0,82.6703,0.99407,0.00015,89.64
o_b8hcp-caseSC-c1200-r83_44-d2o96_8-v3500.o,1200.0,3500.0,83.43937,0.99373,0.00017,89.74
o_b8hcp-caseSC-c1200-r84_19-d2o96_8-v3600.o,1200.0,3600.0,84.19452,0.99297,0.00014,89.82
o_b8hcp-caseSC-c1200-r84_94-d2o96_8-v3700.o,1200.0,3700.0,84.93636,0.99255,0.00013,89.9
o_b8hcp-caseSC-c1200-r85_67-d2o96_8-v3800.o,1200.0,3800.0,85.66546,0.99158,0.00014,89.97
o_b8hcp-caseSC-c1200-r87_09-d2o96_8-v4000.o,1200.0,4000.0,87.08755,0.98905,0.00015,90.11
o_b8hcp-caseSC-c1200-r87_78-d2o96_8-v4100.o,1200.0,4100.0,87.7815,0.98791,0.00015,90.18
o_b8hcp-caseSC-c1200-r88_46-d2o96_8-v4200.o,1200.0,4200.0,88.46466,0.98653,0.00015,90.22
o_b8hcp-caseSC-c1250-r59_99-d2o96_8-v1200.o,1250.0,1200.0,59.98647,0.89925,0.00017,81.73
o_b8hcp-caseSC-c1250-r62_80-d2o96_8-v1400.o,1250.0,1400.0,62.80099,0.92653,0.00018,83.52
o_b8hcp-caseSC-c1250-r67_78-d2o96_8-v1800.o,1250.0,1800.0,67.77687,0.96169,0.00016,85.87
o_b8hcp-caseSC-c1250-r70_01-d2o96_8-v2000.o,1250.0,2000.0,70.0121,0.97319,0.00015,86.67
o_b8hcp-caseSC-c1250-r71_08-d2o96_8-v2100.o,1250.0,2100.0,71.0781,0.97762,0.00015,87.0
o_b8hcp-caseSC-c1250-r72_11-d2o96_8-v2200.o,1250.0,2200.0,72.11304,0.98167,0.00019,87.32
o_b8hcp-caseSC-c1250-r73_12-d2o96_8-v2300.o,1250.0,2300.0,73.11911,0.98511,0.00017,87.59
o_b8hcp-caseSC-c1250-r74_10-d2o96_8-v2400.o,1250.0,2400.0,74.09823,0.98775,0.00016,87.85
o_b8hcp-caseSC-c1250-r75_05-d2o96_8-v2500.o,1250.0,2500.0,75.05213,0.99015,0.00017,88.09
o_b8hcp-caseSC-c1250-r75_98-d2o96_8-v2600.o,1250.0,2600.0,75.98238,0.99215,0.00017,88.29
o_b8hcp-caseSC-c1250-r76_89-d2o96_8-v2700.o,1250.0,2700.0,76.8904,0.99366,0.00016,88.48
o_b8hcp-caseSC-c1250-r77_78-d2o96_8-v2800.o,1250.0,2800.0,77.77746,0.99529,0.00015,88.66
o_b8hcp-caseSC-c1250-r78_64-d2o96_8-v2900.o,1250.0,2900.0,78.64474,0.99602,0.00014,88.82
o_b8hcp-caseSC-c1250-r79_49-d2o96_8-v3000.o,1250.0,3000.0,79.4933,0.99707,0.00015,88.97
o_b8hcp-caseSC-c1250-r80_32-d2o96_8-v3100.o,1250.0,3100.0,80.32412,0.99746,0.00016,89.11
o_b8hcp-caseSC-c1250-r81_14-d2o96_8-v3200.o,1250.0,3200.0,81.1381,0.99784,0.00014,89.24
o_b8hcp-caseSC-c1250-r81_94-d2o96_8-v3300.o,1250.0,3300.0,81.93606,0.99775,0.00015,89.36
o_b8hcp-caseSC-c1250-r82_72-d2o96_8-v3400.o,1250.0,3400.0,82.71878,0.998,0.00017,89.46
o_b8hcp-caseSC-c1250-r83_49-d2o96_8-v3500.o,1250.0,3500.0,83.48696,0.99784,0.00015,89.56
o_b8hcp-caseSC-c1250-r84_24-d2o96_8-v3600.o,1250.0,3600.0,84.24126,0.99725,0.00014,89.67
o_b8hcp-caseSC-c1250-r84_98-d2o96_8-v3700.o,1250.0,3700.0,84.98229,0.99673,0.00016,89.77
o_b8hcp-caseSC-c1250-r85_71-d2o96_8-v3800.o,1250.0,3800.0,85.71062,0.99592,0.00015,89.83
o_b8hcp-caseSC-c1250-r87_13-d2o96_8-v4000.o,1250.0,4000.0,87.13125,0.99436,0.00016,89.99
o_b8hcp-caseSC-c1250-r87_82-d2o96_8-v4100.o,1250.0,4100.0,87.82451,0.99346,0.00016,90.05
o_b8hcp-caseSC-c1250-r88_51-d2o96_8-v4200.o,1250.0,4200.0,88.507,0.99227,0.00013,90.12
o_b8hcp-caseSC-c1300-r60_08-d2o96_8-v1200.o,1300.0,1200.0,60.07847,0.89528,0.00017,81.34
o_b8hcp-caseSC-c1300-r62_88-d2o96_8-v1400.o,1300.0,1400.0,62.88495,0.92305,0.00015,83.17
o_b8hcp-caseSC-c1300-r67_85-d2o96_8-v1800.o,1300.0,1800.0,67.84897,0.95997,0.00015,85.6
o_b8hcp-caseSC-c1300-r70_08-d2o96_8-v2000.o,1300.0,2000.0,70.07968,0.97218,0.00016,86.44
o_b8hcp-caseSC-c1300-r71_14-d2o96_8-v2100.o,1300.0,2100.0,71.14367,0.9775,0.00017,86.8
o_b8hcp-caseSC-c1300-r72_18-d2o96_8-v2200.o,1300.0,2200.0,72.17675,0.98114,0.00015,87.1
o_b8hcp-caseSC-c1300-r73_18-d2o96_8-v2300.o,1300.0,2300.0,73.18108,0.98482,0.00016,87.4
o_b8hcp-caseSC-c1300-r74_16-d2o96_8-v2400.o,1300.0,2400.0,74.15857,0.98807,0.00014,87.66
o_b8hcp-caseSC-c1300-r75_11-d2o96_8-v2500.o,1300.0,2500.0,75.11095,0.99088,0.00017,87.91
o_b8hcp-caseSC-c1300-r76_04-d2o96_8-v2600.o,1300.0,2600.0,76.03977,0.99289,0.00016,88.12
o_b8hcp-caseSC-c1300-r76_95-d2o96_8-v2700.o,1300.0,2700.0,76.94644,0.99493,0.00016,88.34
o_b8hcp-caseSC-c1300-r77_83-d2o96_8-v2800.o,1300.0,2800.0,77.83223,0.99685,0.00016,88.51
o_b8hcp-caseSC-c1300-r78_70-d2o96_8-v2900.o,1300.0,2900.0,78.69831,0.9979,0.00016,88.68
o_b8hcp-caseSC-c1300-r79_55-d2o96_8-v3000.o,1300.0,3000.0,79.54573,0.99902,0.00016,88.84
o_b8hcp-caseSC-c1300-r80_38-d2o96_8-v3100.o,1300.0,3100.0,80.37547,0.99964,0.00016,89.0
o_b8hcp-caseSC-c1300-r81_19-d2o96_8-v3200.o,1300.0,3200.0,81.18843,0.99987,0.00014,89.11
o_b8hcp-caseSC-c1300-r81_99-d2o96_8-v3300.o,1300.0,3300.0,81.98542,1.00026,0.00013,89.24
o_b8hcp-caseSC-c1300-r82_77-d2o96_8-v3400.o,1300.0,3400.0,82.76721,1.00056,0.00014,89.36
o_b8hcp-caseSC-c1300-r83_53-d2o96_8-v3500.o,1300.0,3500.0,83.53451,1.00039,0.00013,89.47
o_b8hcp-caseSC-c1300-r84_29-d2o96_8-v3600.o,1300.0,3600.0,84.28796,1.0004,0.00015,89.58
o_b8hcp-caseSC-c1300-r85_03-d2o96_8-v3700.o,1300.0,3700.0,85.02818,1.00029,0.00017,89.67
o_b8hcp-caseSC-c1300-r85_76-d2o96_8-v3800.o,1300.0,3800.0,85.75573,0.99963,0.00015,89.75
o_b8hcp-caseSC-c1300-r87_17-d2o96_8-v4000.o,1300.0,4000.0,87.1749,0.99785,0.00014,89.9
o_b8hcp-caseSC-c1300-r87_87-d2o96_8-v4100.o,1300.0,4100.0,87.86748,0.9974,0.00016,89.98
o_b8hcp-caseSC-c1300-r88_55-d2o96_8-v4200.o,1300.0,4200.0,88.54931,0.9966,0.00014,90.06
o_b8hcp-caseSC-c1312-r60_10-d2o96_8-v1200.o,1312.0,1200.0,60.10051,0.88534,0.00015,80.7
o_b8hcp-caseSC-c1312-r62_91-d2o96_8-v1400.o,1312.0,1400.0,62.90507,0.91467,0.00013,82.63
o_b8hcp-caseSC-c1312-r67_87-d2o96_8-v1800.o,1312.0,1800.0,67.86625,0.95389,0.00017,85.18
o_b8hcp-caseSC-c1312-r70_10-d2o96_8-v2000.o,1312.0,2000.0,70.09588,0.96695,0.00016,86.07
o_b8hcp-caseSC-c1312-r71_16-d2o96_8-v2100.o,1312.0,2100.0,71.15938,0.97235,0.00016,86.44
o_b8hcp-caseSC-c1312-r72_19-d2o96_8-v2200.o,1312.0,2200.0,72.19202,0.97674,0.00014,86.79
o_b8hcp-caseSC-c1312-r73_20-d2o96_8-v2300.o,1312.0,2300.0,73.19593,0.98062,0.00015,87.08
o_b8hcp-caseSC-c1312-r74_17-d2o96_8-v2400.o,1312.0,2400.0,74.17304,0.98464,0.00016,87.36
o_b8hcp-caseSC-c1312-r75_13-d2o96_8-v2500.o,1312.0,2500.0,75.12505,0.98775,0.00016,87.61
o_b8hcp-caseSC-c1312-r76_05-d2o96_8-v2600.o,1312.0,2600.0,76.05353,0.99007,0.00017,87.86
o_b8hcp-caseSC-c1312-r76_96-d2o96_8-v2700.o,1312.0,2700.0,76.95988,0.99263,0.00013,88.06
o_b8hcp-caseSC-c1312-r77_85-d2o96_8-v2800.o,1312.0,2800.0,77.84537,0.99411,0.00014,88.25
o_b8hcp-caseSC-c1312-r78_71-d2o96_8-v2900.o,1312.0,2900.0,78.71116,0.99619,0.00015,88.45
o_b8hcp-caseSC-c1312-r79_56-d2o96_8-v3000.o,1312.0,3000.0,79.55831,0.99757,0.00015,88.63
o_b8hcp-caseSC-c1312-r80_39-d2o96_8-v3100.o,1312.0,3100.0,80.38779,0.99885,0.00016,88.76
o_b8hcp-caseSC-c1312-r81_20-d2o96_8-v3200.o,1312.0,3200.0,81.2005,0.99958,0.00015,88.91
o_b8hcp-caseSC-c1312-r82_00-d2o96_8-v3300.o,1312.0,3300.0,81.99726,1.00025,0.00015,89.05
o_b8hcp-caseSC-c1312-r82_78-d2o96_8-v3400.o,1312.0,3400.0,82.77883,1.00084,0.00014,89.18
o_b8hcp-caseSC-c1312-r83_55-d2o96_8-v3500.o,1312.0,3500.0,83.54591,1.00062,0.00014,89.28
o_b8hcp-caseSC-c1312-r84_30-d2o96_8-v3600.o,1312.0,3600.0,84.29916,1.00124,0.00016,89.41
o_b8hcp-caseSC-c1312-r85_04-d2o96_8-v3700.o,1312.0,3700.0,85.03918,1.0009,0.00016,89.51
o_b8hcp-caseSC-c1312-r85_77-d2o96_8-v3800.o,1312.0,3800.0,85.76655,1.00063,0.00014,89.59
o_b8hcp-caseSC-c1312-r87_19-d2o96_8-v4000.o,1312.0,4000.0,87.18537,0.99993,0.00014,89.76
o_b8hcp-caseSC-c1312-r87_88-d2o96_8-v4100.o,1312.0,4100.0,87.87779,0.99947,0.00015,89.84
o_b8hcp-caseSC-c1312-r88_56-d2o96_8-v4200.o,1312.0,4200.0,88.55946,0.99861,0.00014,89.9
o_b8hcp-caseSC-c1325-r60_12-d2o96_8-v1200.o,1325.0,1200.0,60.12437,0.88576,0.00015,80.7
o_b8hcp-caseSC-c1325-r62_93-d2o96_8-v1400.o,1325.0,1400.0,62.92685,0.91527,0.00015,82.63
o_b8hcp-caseSC-c1325-r67_88-d2o96_8-v1800.o,1325.0,1800.0,67.88497,0.95427,0.00015,85.18
o_b8hcp-caseSC-c1325-r70_11-d2o96_8-v2000.o,1325.0,2000.0,70.11342,0.96752,0.00016,86.09
o_b8hcp-caseSC-c1325-r71_18-d2o96_8-v2100.o,1325.0,2100.0,71.17641,0.97281,0.00015,86.44
o_b8hcp-caseSC-c1325-r72_21-d2o96_8-v2200.o,1325.0,2200.0,72.20856,0.97778,0.00016,86.78
o_b8hcp-caseSC-c1325-r73_21-d2o96_8-v2300.o,1325.0,2300.0,73.21202,0.98162,0.00016,87.08
o_b8hcp-caseSC-c1325-r74_19-d2o96_8-v2400.o,1325.0,2400.0,74.1887,0.98516,0.00017,87.37
o_b8hcp-caseSC-c1325-r75_14-d2o96_8-v2500.o,1325.0,2500.0,75.14032,0.9882,0.00015,87.62
o_b8hcp-caseSC-c1325-r76_07-d2o96_8-v2600.o,1325.0,2600.0,76.06843,0.99093,0.00015,87.87
o_b8hcp-caseSC-c1325-r76_97-d2o96_8-v2700.o,1325.0,2700.0,76.97443,0.99322,0.00015,88.06
o_b8hcp-caseSC-c1325-r77_86-d2o96_8-v2800.o,1325.0,2800.0,77.85959,0.99536,0.00016,88.25
o_b8hcp-caseSC-c1325-r78_73-d2o96_8-v2900.o,1325.0,2900.0,78.72507,0.99685,0.00015,88.46
o_b8hcp-caseSC-c1325-r79_57-d2o96_8-v3000.o,1325.0,3000.0,79.57193,0.99823,0.00015,88.62
o_b8hcp-caseSC-c1325-r80_40-d2o96_8-v3100.o,1325.0,3100.0,80.40113,0.99917,0.00016,88.79
o_b8hcp-caseSC-c1325-r81_21-d2o96_8-v3200.o,1325.0,3200.0,81.21357,1.00028,0.00016,88.91
o_b8hcp-caseSC-c1325-r82_01-d2o96_8-v3300.o,1325.0,3300.0,82.01008,1.00086,0.00016,89.07
o_b8hcp-caseSC-c1325-r82_79-d2o96_8-v3400.o,1325.0,3400.0,82.79141,1.00153,0.00016,89.17
o_b8hcp-caseSC-c1325-r83_56-d2o96_8-v3500.o,1325.0,3500.0,83.55826,1.00181,0.00015,89.3
o_b8hcp-caseSC-c1325-r84_31-d2o96_8-v3600.o,1325.0,3600.0,84.31129,1.00105,0.00016,89.41
o_b8hcp-caseSC-c1325-r85_05-d2o96_8-v3700.o,1325.0,3700.0,85.0511,1.00129,0.00016,89.51
o_b8hcp-caseSC-c1325-r85_78-d2o96_8-v3800.o,1325.0,3800.0,85.77827,1.00098,0.00016,89.59
o_b8hcp-caseSC-c1325-r87_20-d2o96_8-v4000.o,1325.0,4000.0,87.19671,1.00042,0.00017,89.77
o_b8hcp-caseSC-c1325-r87_89-d2o96_8-v4100.o,1325.0,4100.0,87.88895,0.99975,0.00015,89.85
o_b8hcp-caseSC-c1325-r88_57-d2o96_8-v4200.o,1325.0,4200.0,88.57045,0.99899,0.00014,89.92
o_b8hcp-caseSC-c1337-r60_15-d2o96_8-v1200.o,1337.0,1200.0,60.14637,0.88665,0.00017,80.72
o_b8hcp-caseSC-c1337-r62_95-d2o96_8-v1400.o,1337.0,1400.0,62.94694,0.91578,0.00015,82.63
o_b8hcp-caseSC-c1337-r67_90-d2o96_8-v1800.o,1337.0,1800.0,67.90223,0.95498,0.00014,85.19
o_b8hcp-caseSC-c1337-r70_13-d2o96_8-v2000.o,1337.0,2000.0,70.1296,0.96794,0.00016,86.08
o_b8hcp-caseSC-c1337-r71_19-d2o96_8-v2100.o,1337.0,2100.0,71.19211,0.97332,0.00015,86.46
o_b8hcp-caseSC-c1337-r72_22-d2o96_8-v2200.o,1337.0,2200.0,72.22382,0.97822,0.00013,86.79
o_b8hcp-caseSC-c1337-r73_23-d2o96_8-v2300.o,1337.0,2300.0,73.22686,0.98239,0.00017,87.1
o_b8hcp-caseSC-c1337-r74_20-d2o96_8-v2400.o,1337.0,2400.0,74.20316,0.98576,0.00017,87.37
o_b8hcp-caseSC-c1337-r75_15-d2o96_8-v2500.o,1337.0,2500.0,75.15442,0.98854,0.00013,87.62
o_b8hcp-caseSC-c1337-r76_08-d2o96_8-v2600.o,1337.0,2600.0,76.08218,0.99139,0.00015,87.85
o_b8hcp-caseSC-c1337-r76_99-d2o96_8-v2700.o,1337.0,2700.0,76.98786,0.99333,0.00015,88.07
o_b8hcp-caseSC-c1337-r77_87-d2o96_8-v2800.o,1337.0,2800.0,77.87272,0.9956,0.00013,88.26
o_b8hcp-caseSC-c1337-r78_74-d2o96_8-v2900.o,1337.0,2900.0,78.73791,0.99732,0.00016,88.45
o_b8hcp-caseSC-c1337-r79_58-d2o96_8-v3000.o,1337.0,3000.0,79.58449,0.99857,0.00015,88.62
o_b8hcp-caseSC-c1337-r80_41-d2o96_8-v3100.o,1337.0,3100.0,80.41344,0.99963,0.00014,88.77
o_b8hcp-caseSC-c1337-r81_23-d2o96_8-v3200.o,1337.0,3200.0,81.22564,1.0007,0.00015,88.93
o_b8hcp-caseSC-c1337-r82_02-d2o96_8-v3300.o,1337.0,3300.0,82.02191,1.00144,0.00014,89.06
o_b8hcp-caseSC-c1337-r82_80-d2o96_8-v3400.o,1337.0,3400.0,82.80302,1.00187,0.00014,89.19
o_b8hcp-caseSC-c1337-r83_57-d2o96_8-v3500.o,1337.0,3500.0,83.56966,1.0019,0.00018,89.29
o_b8hcp-caseSC-c1337-r84_32-d2o96_8-v3600.o,1337.0,3600.0,84.32248,1.00212,0.00015,89.41
o_b8hcp-caseSC-c1337-r85_06-d2o96_8-v3700.o,1337.0,3700.0,85.0621,1.0018,0.00014,89.51
o_b8hcp-caseSC-c1337-r85_79-d2o96_8-v3800.o,1337.0,3800.0,85.78908,1.00182,0.00014,89.61
o_b8hcp-caseSC-c1337-r87_21-d2o96_8-v4000.o,1337.0,4000.0,87.20718,1.00103,0.00014,89.78
o_b8hcp-caseSC-c1337-r87_90-d2o96_8-v4100.o,1337.0,4100.0,87.89925,1.00038,0.00014,89.84
o_b8hcp-caseSC-c1337-r88_58-d2o96_8-v4200.o,1337.0,4200.0,88.58059,0.99989,0.00015,89.92
o_b8hcp-caseSC-c1350-r60_17-d2o96_8-v1200.o,1350.0,1200.0,60.1702,0.88709,0.00014,80.72
o_b8hcp-caseSC-c1350-r62_97-d2o96_8-v1400.o,1350.0,1400.0,62.96868,0.91609,0.00017,82.62
o_b8hcp-caseSC-c1350-r67_92-d2o96_8-v1800.o,1350.0,1800.0,67.92092,0.95537,0.00017,85.18
o_b8hcp-caseSC-c1350-r70_15-d2o96_8-v2000.o,1350.0,2000.0,70.14712,0.9685,0.00016,86.08
o_b8hcp-caseSC-c1350-r71_21-d2o96_8-v2100.o,1350.0,2100.0,71.20912,0.97358,0.00015,86.43
o_b8hcp-caseSC-c1350-r72_24-d2o96_8-v2200.o,1350.0,2200.0,72.24034,0.97856,0.00017,86.78
o_b8hcp-caseSC-c1350-r73_24-d2o96_8-v2300.o,1350.0,2300.0,73.24294,0.98263,0.00016,87.11
o_b8hcp-caseSC-c1350-r74_22-d2o96_8-v2400.o,1350.0,2400.0,74.21881,0.98632,0.00015,87.37
o_b8hcp-caseSC-c1350-r75_17-d2o96_8-v2500.o,1350.0,2500.0,75.16968,0.98956,0.00015,87.63
o_b8hcp-caseSC-c1350-r76_10-d2o96_8-v2600.o,1350.0,2600.0,76.09707,0.99219,0.00019,87.88
o_b8hcp-caseSC-c1350-r77_00-d2o96_8-v2700.o,1350.0,2700.0,77.0024,0.99423,0.00017,88.07
o_b8hcp-caseSC-c1350-r77_89-d2o96_8-v2800.o,1350.0,2800.0,77.88693,0.99629,0.00015,88.27
o_b8hcp-caseSC-c1350-r78_75-d2o96_8-v2900.o,1350.0,2900.0,78.75181,0.99776,0.00016,88.46
o_b8hcp-caseSC-c1350-r79_60-d2o96_8-v3000.o,1350.0,3000.0,79.5981,0.99909,0.00015,88.63
o_b8hcp-caseSC-c1350-r80_43-d2o96_8-v3100.o,1350.0,3100.0,80.42677,1.00055,0.00015,88.79
o_b8hcp-caseSC-c1350-r81_24-d2o96_8-v3200.o,1350.0,3200.0,81.2387,1.0011,0.00014,88.92
o_b8hcp-caseSC-c1350-r82_03-d2o96_8-v3300.o,1350.0,3300.0,82.03472,1.00194,0.00015,89.05
o_b8hcp-caseSC-c1350-r82_82-d2o96_8-v3400.o,1350.0,3400.0,82.81559,1.00252,0.00015,89.18
o_b8hcp-caseSC-c1350-r83_58-d2o96_8-v3500.o,1350.0,3500.0,83.582,1.00229,0.00015,89.29
o_b8hcp-caseSC-c1350-r84_33-d2o96_8-v3600.o,1350.0,3600.0,84.33461,1.00233,0.00015,89.4
o_b8hcp-caseSC-c1350-r85_07-d2o96_8-v3700.o,1350.0,3700.0,85.07402,1.00243,0.00015,89.51
o_b8hcp-caseSC-c1350-r85_80-d2o96_8-v3800.o,1350.0,3800.0,85.80079,1.00229,0.00013,89.61
o_b8hcp-caseSC-c1350-r87_22-d2o96_8-v4000.o,1350.0,4000.0,87.21851,1.0013,0.00014,89.77
o_b8hcp-caseSC-c1350-r87_91-d2o96_8-v4100.o,1350.0,4100.0,87.91041,1.00079,0.00013,89.84
o_b8hcp-caseSC-c1350-r88_59-d2o96_8-v4200.o,1350.0,4200.0,88.59158,0.99985,0.00016,89.93
o_b8hcp-caseSC-c1362-r60_19-d2o96_8-v1200.o,1362.0,1200.0,60.19217,0.86313,0.00016,79.19
o_b8hcp-caseSC-c1362-r62_99-d2o96_8-v1400.o,1362.0,1400.0,62.98875,0.89457,0.00017,81.31
o_b8hcp-caseSC-c1362-r67_94-d2o96_8-v1800.o,1362.0,1800.0,67.93817,0.9387,0.00016,84.15
o_b8hcp-caseSC-c1362-r70_16-d2o96_8-v2000.o,1362.0,2000.0,70.16329,0.954,0.00017,85.16
o_b8hcp-caseSC-c1362-r71_22-d2o96_8-v2100.o,1362.0,2100.0,71.22481,0.96034,0.00016,85.57
o_b8hcp-caseSC-c1362-r72_26-d2o96_8-v2200.o,1362.0,2200.0,72.25559,0.96598,0.00016,85.95
o_b8hcp-caseSC-c1362-r73_26-d2o96_8-v2300.o,1362.0,2300.0,73.25777,0.97124,0.00015,86.29
o_b8hcp-caseSC-c1362-r74_23-d2o96_8-v2400.o,1362.0,2400.0,74.23325,0.9754,0.00014,86.63
o_b8hcp-caseSC-c1362-r75_18-d2o96_8-v2500.o,1362.0,2500.0,75.18376,0.97986,0.00015,86.91
o_b8hcp-caseSC-c1362-r76_11-d2o96_8-v2600.o,1362.0,2600.0,76.11081,0.98306,0.00017,87.17
o_b8hcp-caseSC-c1362-r77_02-d2o96_8-v2700.o,1362.0,2700.0,77.01582,0.98634,0.00016,87.41
o_b8hcp-caseSC-c1362-r77_90-d2o96_8-v2800.o,1362.0,2800.0,77.90005,0.98886,0.00017,87.64
o_b8hcp-caseSC-c1362-r78_76-d2o96_8-v2900.o,1362.0,2900.0,78.76464,0.99143,0.00017,87.84
o_b8hcp-caseSC-c1362-r79_61-d2o96_8-v3000.o,1362.0,3000.0,79.61066,0.99336,0.00017,88.07
o_b8hcp-caseSC-c1362-r80_44-d2o96_8-v3100.o,1362.0,3100.0,80.43907,0.99565,0.00014,88.22
o_b8hcp-caseSC-c1362-r81_25-d2o96_8-v3200.o,1362.0,3200.0,81.25076,0.99707,0.00015,88.4
o_b8hcp-caseSC-c1362-r82_05-d2o96_8-v3300.o,1362.0,3300.0,82.04655,0.99828,0.00015,88.54
o_b8hcp-caseSC-c1362-r82_83-d2o96_8-v3400.o,1362.0,3400.0,82.82719,0.99918,0.00017,88.7
o_b8hcp-caseSC-c1362-r83_59-d2o96_8-v3500.o,1362.0,3500.0,83.59339,1.00037,0.00015,88.83
o_b8hcp-caseSC-c1362-r84_35-d2o96_8-v3600.o,1362.0,3600.0,84.34579,1.00119,0.00017,88.96
o_b8hcp-caseSC-c1362-r85_09-d2o96_8-v3700.o,1362.0,3700.0,85.08501,1.00174,0.00015,89.08
o_b8hcp-caseSC-c1362-r85_81-d2o96_8-v3800.o,1362.0,3800.0,85.8116,1.00211,0.00015,89.18
o_b8hcp-caseSC-c1362-r87_23-d2o96_8-v4000.o,1362.0,4000.0,87.22897,1.00246,0.00015,89.39
o_b8hcp-caseSC-c1362-r87_92-d2o96_8-v4100.o,1362.0,4100.0,87.9207,1.00256,0.00013,89.48
o_b8hcp-caseSC-c1362-r88_60-d2o96_8-v4200.o,1362.0,4200.0,88.60172,1.00256,0.00016,89.56
o_b8hcp-caseSC-c1375-r60_22-d2o96_8-v1200.o,1375.0,1200.0,60.21595,0.86376,0.00019,79.17
o_b8hcp-caseSC-c1375-r63_01-d2o96_8-v1400.o,1375.0,1400.0,63.01047,0.89521,0.00014,81.3
o_b8hcp-caseSC-c1375-r67_96-d2o96_8-v1800.o,1375.0,1800.0,67.95684,0.93914,0.00016,84.15
o_b8hcp-caseSC-c1375-r70_18-d2o96_8-v2000.o,1375.0,2000.0,70.1808,0.95445,0.00014,85.16
o_b8hcp-caseSC-c1375-r71_24-d2o96_8-v2100.o,1375.0,2100.0,71.2418,0.96069,0.00014,85.58
o_b8hcp-caseSC-c1375-r72_27-d2o96_8-v2200.o,1375.0,2200.0,72.27209,0.9665,0.00017,85.97
o_b8hcp-caseSC-c1375-r73_27-d2o96_8-v2300.o,1375.0,2300.0,73.27383,0.97136,0.00015,86.3
o_b8hcp-caseSC-c1375-r74_25-d2o96_8-v2400.o,1375.0,2400.0,74.2489,0.9763,0.00016,86.63
o_b8hcp-caseSC-c1375-r75_20-d2o96_8-v2500.o,1375.0,2500.0,75.199,0.98013,0.00015,86.92
o_b8hcp-caseSC-c1375-r76_13-d2o96_8-v2600.o,1375.0,2600.0,76.12569,0.9837,0.00018,87.18
o_b8hcp-caseSC-c1375-r77_03-d2o96_8-v2700.o,1375.0,2700.0,77.03035,0.98732,0.00015,87.42
o_b8hcp-caseSC-c1375-r77_91-d2o96_8-v2800.o,1375.0,2800.0,77.91425,0.98983,0.00015,87.66
o_b8hcp-caseSC-c1375-r78_78-d2o96_8-v2900.o,1375.0,2900.0,78.77853,0.9919,0.00015,87.85
o_b8hcp-caseSC-c1375-r79_62-d2o96_8-v3000.o,1375.0,3000.0,79.62426,0.99415,0.00014,88.06
o_b8hcp-caseSC-c1375-r80_45-d2o96_8-v3100.o,1375.0,3100.0,80.45239,0.99614,0.00014,88.24
o_b8hcp-caseSC-c1375-r81_26-d2o96_8-v3200.o,1375.0,3200.0,81.26381,0.99754,0.00014,88.4
o_b8hcp-caseSC-c1375-r82_06-d2o96_8-v3300.o,1375.0,3300.0,82.05935,0.99911,0.00015,88.56
o_b8hcp-caseSC-c1375-r82_84-d2o96_8-v3400.o,1375.0,3400.0,82.83975,1.00014,0.00015,88.71
o_b8hcp-caseSC-c1375-r83_61-d2o96_8-v3500.o,1375.0,3500.0,83.60572,1.00098,0.00015,88.82
o_b8hcp-caseSC-c1375-r84_36-d2o96_8-v3600.o,1375.0,3600.0,84.35791,1.00194,0.00015,88.96
o_b8hcp-caseSC-c1375-r85_10-d2o96_8-v3700.o,1375.0,3700.0,85.09692,1.0023,0.00015,89.08
o_b8hcp-caseSC-c1375-r85_82-d2o96_8-v3800.o,1375.0,3800.0,85.8233,1.00278,0.00012,89.19
o_b8hcp-caseSC-c1375-r87_24-d2o96_8-v4000.o,1375.0,4000.0,87.2403,1.00324,0.00015,89.39
o_b8hcp-caseSC-c1375-r87_93-d2o96_8-v4100.o,1375.0,4100.0,87.93185,1.00304,0.00016,89.49
o_b8hcp-caseSC-c1375-r88_61-d2o96_8-v4200.o,1375.0,4200.0,88.6127,1.00313,0.00016,89.57
o_b8hcp-caseSC-c1387-r60_24-d2o96_8-v1200.o,1387.0,1200.0,60.23789,0.86424,0.00017,79.16
o_b8hcp-caseSC-c1387-r63_03-d2o96_8-v1400.o,1387.0,1400.0,63.03051,0.89556,0.00016,81.3
o_b8hcp-caseSC-c1387-r67_97-d2o96_8-v1800.o,1387.0,1800.0,67.97407,0.93965,0.00015,84.14
o_b8hcp-caseSC-c1387-r70_20-d2o96_8-v2000.o,1387.0,2000.0,70.19695,0.95484,0.00017,85.17
o_b8hcp-caseSC-c1387-r71_26-d2o96_8-v2100.o,1387.0,2100.0,71.25747,0.96149,0.00014,85.58
o_b8hcp-caseSC-c1387-r72_29-d2o96_8-v2200.o,1387.0,2200.0,72.28733,0.96721,0.00015,85.96
o_b8hcp-caseSC-c1387-r73_29-d2o96_8-v2300.o,1387.0,2300.0,73.28865,0.9724,0.00014,86.3
o_b8hcp-caseSC-c1387-r74_26-d2o96_8-v2400.o,1387.0,2400.0,74.26333,0.97682,0.00015,86.62
o_b8hcp-caseSC-c1387-r75_21-d2o96_8-v2500.o,1387.0,2500.0,75.21307,0.98103,0.00015,86.9
o_b8hcp-caseSC-c1387-r76_14-d2o96_8-v2600.o,1387.0,2600.0,76.13942,0.98454,0.00017,87.19
o_b8hcp-caseSC-c1387-r77_04-d2o96_8-v2700.o,1387.0,2700.0,77.04376,0.98788,0.00015,87.43
o_b8hcp-caseSC-c1387-r77_93-d2o96_8-v2800.o,1387.0,2800.0,77.92736,0.99037,0.00016,87.65
o_b8hcp-caseSC-c1387-r78_79-d2o96_8-v2900.o,1387.0,2900.0,78.79135,0.99297,0.00014,87.86
o_b8hcp-caseSC-c1387-r79_64-d2o96_8-v3000.o,1387.0,3000.0,79.63681,0.99488,0.00016,88.05
o_b8hcp-caseSC-c1387-r80_46-d2o96_8-v3100.o,1387.0,3100.0,80.46468,0.99701,0.00016,88.25
o_b8hcp-caseSC-c1387-r81_28-d2o96_8-v3200.o,1387.0,3200.0,81.27586,0.99847,0.00015,88.4
o_b8hcp-caseSC-c1387-r82_07-d2o96_8-v3300.o,1387.0,3300.0,82.07117,0.99956,0.00015,88.55
o_b8hcp-caseSC-c1387-r82_85-d2o96_8-v3400.o,1387.0,3400.0,82.85135,1.0008,0.00015,88.7
o_b8hcp-caseSC-c1387-r83_62-d2o96_8-v3500.o,1387.0,3500.0,83.61711,1.00161,0.00013,88.83
o_b8hcp-caseSC-c1387-r84_37-d2o96_8-v3600.o,1387.0,3600.0,84.36909,1.00276,0.00016,88.95
o_b8hcp-caseSC-c1387-r85_11-d2o96_8-v3700.o,1387.0,3700.0,85.1079,1.00322,0.00016,89.08
o_b8hcp-caseSC-c1387-r85_83-d2o96_8-v3800.o,1387.0,3800.0,85.83411,1.0036,0.00015,89.18
o_b8hcp-caseSC-c1387-r87_25-d2o96_8-v4000.o,1387.0,4000.0,87.25075,1.00359,0.00016,89.39
o_b8hcp-caseSC-c1387-r87_94-d2o96_8-v4100.o,1387.0,4100.0,87.94214,1.00379,0.00014,89.49
o_b8hcp-caseSC-c1387-r88_62-d2o96_8-v4200.o,1387.0,4200.0,88.62283,1.0041,0.00014,89.57
o_b8hcp-caseSC-c1400-r60_26-d2o96_8-v1200.o,1400.0,1200.0,60.26164,0.86446,0.0002,79.17
o_b8hcp-caseSC-c1400-r63_05-d2o96_8-v1400.o,1400.0,1400.0,63.0522,0.89608,0.00016,81.29
o_b8hcp-caseSC-c1400-r67_99-d2o96_8-v1800.o,1400.0,1800.0,67.99272,0.94046,0.00017,84.17
o_b8hcp-caseSC-c1400-r70_21-d2o96_8-v2000.o,1400.0,2000.0,70.21444,0.95577,0.00014,85.17
o_b8hcp-caseSC-c1400-r71_27-d2o96_8-v2100.o,1400.0,2100.0,71.27444,0.96175,0.00015,85.58
o_b8hcp-caseSC-c1400-r72_30-d2o96_8-v2200.o,1400.0,2200.0,72.30382,0.96793,0.00016,85.96
o_b8hcp-caseSC-c1400-r73_30-d2o96_8-v2300.o,1400.0,2300.0,73.30469,0.97279,0.00015,86.31
o_b8hcp-caseSC-c1400-r74_28-d2o96_8-v2400.o,1400.0,2400.0,74.27896,0.97739,0.00016,86.61
o_b8hcp-caseSC-c1400-r75_23-d2o96_8-v2500.o,1400.0,2500.0,75.22831,0.98166,0.00015,86.91
o_b8hcp-caseSC-c1400-r76_15-d2o96_8-v2600.o,1400.0,2600.0,76.15429,0.98519,0.00016,87.19
o_b8hcp-caseSC-c1400-r77_06-d2o96_8-v2700.o,1400.0,2700.0,77.05828,0.98833,0.00016,87.44
o_b8hcp-caseSC-c1400-r77_94-d2o96_8-v2800.o,1400.0,2800.0,77.94155,0.99094,0.00014,87.66
o_b8hcp-caseSC-c1400-r78_81-d2o96_8-v2900.o,1400.0,2900.0,78.80524,0.99362,0.00017,87.87
o_b8hcp-caseSC-c1400-r79_65-d2o96_8-v3000.o,1400.0,3000.0,79.6504,0.99534,0.00018,88.07
o_b8hcp-caseSC-c1400-r80_48-d2o96_8-v3100.o,1400.0,3100.0,80.47799,0.99727,0.00016,88.24
o_b8hcp-caseSC-c1400-r81_29-d2o96_8-v3200.o,1400.0,3200.0,81.28891,0.99918,0.00015,88.41
o_b8hcp-caseSC-c1400-r82_08-d2o96_8-v3300.o,1400.0,3300.0,82.08396,1.00053,0.00013,88.55
o_b8hcp-caseSC-c1400-r82_86-d2o96_8-v3400.o,1400.0,3400.0,82.8639,1.00131,0.00016,88.69
o_b8hcp-caseSC-c1400-r83_63-d2o96_8-v3500.o,1400.0,3500.0,83.62943,1.00229,0.00015,88.84
o_b8hcp-caseSC-c1400-r84_38-d2o96_8-v3600.o,1400.0,3600.0,84.3812,1.00297,0.00015,88.97
o_b8hcp-caseSC-c1400-r85_12-d2o96_8-v3700.o,1400.0,3700.0,85.1198,1.00389,0.00015,89.08
o_b8hcp-caseSC-c1400-r85_85-d2o96_8-v3800.o,1400.0,3800.0,85.84581,1.00395,0.00016,89.2
o_b8hcp-caseSC-c1400-r87_26-d2o96_8-v4000.o,1400.0,4000.0,87.26208,1.00434,0.00016,89.4
o_b8hcp-caseSC-c1400-r87_95-d2o96_8-v4100.o,1400.0,4100.0,87.95329,1.00452,0.00015,89.49
o_b8hcp-caseSC-c1400-r88_63-d2o96_8-v4200.o,1400.0,4200.0,88.63381,1.00417,0.00014,89.57
o_b8hcp-caseSC-c1412-r60_28-d2o96_8-v1200.o,1412.0,1200.0,60.28354,0.8654,0.00016,79.17
o_b8hcp-caseSC-c1412-r63_07-d2o96_8-v1400.o,1412.0,1400.0,63.07221,0.89683,0.00015,81.28
o_b8hcp-caseSC-c1412-r68_01-d2o96_8-v1800.o,1412.0,1800.0,68.00993,0.94083,0.00016,84.15
o_b8hcp-caseSC-c1412-r70_23-d2o96_8-v2000.o,1412.0,2000.0,70.23058,0.95577,0.00015,85.17
o_b8hcp-caseSC-c1412-r71_29-d2o96_8-v2100.o,1412.0,2100.0,71.29011,0.96269,0.00015,85.59
o_b8hcp-caseSC-c1412-r72_32-d2o96_8-v2200.o,1412.0,2200.0,72.31904,0.96845,0.00015,85.95
o_b8hcp-caseSC-c1412-r73_32-d2o96_8-v2300.o,1412.0,2300.0,73.3195,0.97344,0.00015,86.32
o_b8hcp-caseSC-c1412-r74_29-d2o96_8-v2400.o,1412.0,2400.0,74.29338,0.97783,0.00014,86.63
o_b8hcp-caseSC-c1412-r75_24-d2o96_8-v2500.o,1412.0,2500.0,75.24237,0.98203,0.00015,86.92
o_b8hcp-caseSC-c1412-r76_17-d2o96_8-v2600.o,1412.0,2600.0,76.16801,0.98514,0.00015,87.18
o_b8hcp-caseSC-c1412-r77_07-d2o96_8-v2700.o,1412.0,2700.0,77.07168,0.98871,0.00015,87.42
o_b8hcp-caseSC-c1412-r77_95-d2o96_8-v2800.o,1412.0,2800.0,77.95465,0.99144,0.00015,87.66
o_b8hcp-caseSC-c1412-r78_82-d2o96_8-v2900.o,1412.0,2900.0,78.81805,0.99409,0.00016,87.88
o_b8hcp-caseSC-c1412-r79_66-d2o96_8-v3000.o,1412.0,3000.0,79.66294,0.99609,0.00015,88.05
o_b8hcp-caseSC-c1412-r80_49-d2o96_8-v3100.o,1412.0,3100.0,80.49028,0.99819,0.00013,88.24
o_b8hcp-caseSC-c1412-r81_30-d2o96_8-v3200.o,1412.0,3200.0,81.30095,0.99931,0.00015,88.4
o_b8hcp-caseSC-c1412-r82_10-d2o96_8-v3300.o,1412.0,3300.0,82.09577,1.00092,0.00015,88.56
o_b8hcp-caseSC-c1412-r82_88-d2o96_8-v3400.o,1412.0,3400.0,82.87549,1.00198,0.00014,88.69
o_b8hcp-caseSC-c1412-r83_64-d2o96_8-v3500.o,1412.0,3500.0,83.64081,1.00295,0.00016,88.86
o_b8hcp-caseSC-c1412-r84_39-d2o96_8-v3600.o,1412.0,3600.0,84.39237,1.0036,0.00015,88.97
o_b8hcp-caseSC-c1412-r85_13-d2o96_8-v3700.o,1412.0,3700.0,85.13079,1.00441,0.00013,89.09
o_b8hcp-caseSC-c1412-r85_86-d2o96_8-v3800.o,1412.0,3800.0,85.8566,1.00482,0.00013,89.19
o_b8hcp-caseSC-c1412-r87_27-d2o96_8-v4000.o,1412.0,4000.0,87.27252,1.00493,0.00015,89.41
o_b8hcp-caseSC-c1412-r87_96-d2o96_8-v4100.o,1412.0,4100.0,87.96357,1.00496,0.00015,89.5
o_b8hcp-caseSC-c1412-r88_64-d2o96_8-v4200.o,1412.0,4200.0,88.64393,1.00501,0.00015,89.59
o_b8hcp-caseSC-c1425-r60_31-d2o96_8-v1200.o,1425.0,1200.0,60.30726,0.86577,0.00018,79.17
o_b8hcp-caseSC-c1425-r63_09-d2o96_8-v1400.o,1425.0,1400.0,63.09387,0.89695,0.00015,81.3
o_b8hcp-caseSC-c1425-r68_03-d2o96_8-v1800.o,1425.0,1800.0,68.02856,0.9412,0.00016,84.16
o_b8hcp-caseSC-c1425-r70_25-d2o96_8-v2000.o,1425.0,2000.0,70.24806,0.95687,0.00016,85.14
o_b8hcp-caseSC-c1425-r71_31-d2o96_8-v2100.o,1425.0,2100.0,71.30706,0.96332,0.00016,85.58
o_b8hcp-caseSC-c1425-r72_34-d2o96_8-v2200.o,1425.0,2200.0,72.33552,0.96909,0.00016,85.96
o_b8hcp-caseSC-c1425-r73_34-d2o96_8-v2300.o,1425.0,2300.0,73.33553,0.97434,0.00017,86.3
o_b8hcp-caseSC-c1425-r74_31-d2o96_8-v2400.o,1425.0,2400.0,74.30899,0.97842,0.00016,86.63
o_b8hcp-caseSC-c1425-r75_26-d2o96_8-v2500.o,1425.0,2500.0,75.25759,0.98261,0.00016,86.91
o_b8hcp-caseSC-c1425-r76_18-d2o96_8-v2600.o,1425.0,2600.0,76.18287,0.98621,0.00016,87.19
o_b8hcp-caseSC-c1425-r77_09-d2o96_8-v2700.o,1425.0,2700.0,77.08619,0.98963,0.00015,87.44
o_b8hcp-caseSC-c1425-r77_97-d2o96_8-v2800.o,1425.0,2800.0,77.96883,0.99225,0.00015,87.67
o_b8hcp-caseSC-c1425-r78_83-d2o96_8-v2900.o,1425.0,2900.0,78.83192,0.99476,0.00015,87.87
o_b8hcp-caseSC-c1425-r79_68-d2o96_8-v3000.o,1425.0,3000.0,79.67652,0.99649,0.00016,88.06
o_b8hcp-caseSC-c1425-r80_50-d2o96_8-v3100.o,1425.0,3100.0,80.50358,0.99835,0.00017,88.24
o_b8hcp-caseSC-c1425-r81_31-d2o96_8-v3200.o,1425.0,3200.0,81.31399,1.00001,0.00016,88.4
o_b8hcp-caseSC-c1425-r82_11-d2o96_8-v3300.o,1425.0,3300.0,82.10856,1.00185,0.00016,88.56
o_b8hcp-caseSC-c1425-r82_89-d2o96_8-v3400.o,1425.0,3400.0,82.88804,1.00265,0.00014,88.71
o_b8hcp-caseSC-c1425-r83_65-d2o96_8-v3500.o,1425.0,3500.0,83.65313,1.00346,0.00014,88.84
o_b8hcp-caseSC-c1425-r84_40-d2o96_8-v3600.o,1425.0,3600.0,84.40448,1.00425,0.00015,88.97
o_b8hcp-caseSC-c1425-r85_14-d2o96_8-v3700.o,1425.0,3700.0,85.14268,1.00468,0.00015,89.08
o_b8hcp-caseSC-c1425-r85_87-d2o96_8-v3800.o,1425.0,3800.0,85.8683,1.00524,0.00014,89.22
o_b8hcp-caseSC-c1425-r87_28-d2o96_8-v4000.o,1425.0,4000.0,87.28384,1.00575,0.00015,89.41
o_b8hcp-caseSC-c1425-r87_97-d2o96_8-v4100.o,1425.0,4100.0,87.97471,1.00551,0.00017,89.49
o_b8hcp-caseSC-c1425-r88_65-d2o96_8-v4200.o,1425.0,4200.0,88.6549,1.00528,0.00015,89.58
o_b8hcp-caseSC-c1437-r60_33-d2o96_8-v1200.o,1437.0,1200.0,60.32913,0.86622,0.00017,79.15
o_b8hcp-caseSC-c1437-r63_11-d2o96_8-v1400.o,1437.0,1400.0,63.11386,0.89762,0.00015,81.27
o_b8hcp-caseSC-c1437-r68_05-d2o96_8-v1800.o,1437.0,1800.0,68.04575,0.94203,0.00017,84.16
o_b8hcp-caseSC-c1437-r70_26-d2o96_8-v2000.o,1437.0,2000.0,70.26418,0.95767,0.00014,85.16
o_b8hcp-caseSC-c1437-r71_32-d2o96_8-v2100.o,1437.0,2100.0,71.32271,0.96377,0.00015,85.58
o_b8hcp-caseSC-c1437-r72_35-d2o96_8-v2200.o,1437.0,2200.0,72.35072,0.96927,0.00017,85.97
o_b8hcp-caseSC-c1437-r73_35-d2o96_8-v2300.o,1437.0,2300.0,73.35033,0.97469,0.00015,86.32
o_b8hcp-caseSC-c1437-r74_32-d2o96_8-v2400.o,1437.0,2400.0,74.3234,0.97917,0.00015,86.63
o_b8hcp-caseSC-c1437-r75_27-d2o96_8-v2500.o,1437.0,2500.0,75.27164,0.98328,0.00016,86.91
o_b8hcp-caseSC-c1437-r76_20-d2o96_8-v2600.o,1437.0,2600.0,76.19657,0.98692,0.00015,87.18
o_b8hcp-caseSC-c1437-r77_10-d2o96_8-v2700.o,1437.0,2700.0,77.09958,0.98995,0.00015,87.43
o_b8hcp-caseSC-c1437-r77_98-d2o96_8-v2800.o,1437.0,2800.0,77.98192,0.9927,0.00015,87.67
o_b8hcp-caseSC-c1437-r78_84-d2o96_8-v2900.o,1437.0,2900.0,78.84473,0.99532,0.00016,87.86
o_b8hcp-caseSC-c1437-r79_69-d2o96_8-v3000.o,1437.0,3000.0,79.68906,0.99713,0.00013,88.07
o_b8hcp-caseSC-c1437-r80_52-d2o96_8-v3100.o,1437.0,3100.0,80.51586,0.99907,0.00014,88.23
o_b8hcp-caseSC-c1437-r81_33-d2o96_8-v3200.o,1437.0,3200.0,81.32603,1.00048,0.00015,88.41
o_b8hcp-caseSC-c1437-r82_12-d2o96_8-v3300.o,1437.0,3300.0,82.12036,1.00185,0.00015,88.57
o_b8hcp-caseSC-c1437-r82_90-d2o96_8-v3400.o,1437.0,3400.0,82.89962,1.00333,0.00015,88.71
o_b8hcp-caseSC-c1437-r83_66-d2o96_8-v3500.o,1437.0,3500.0,83.6645,1.00409,0.00015,88.84
o_b8hcp-caseSC-c1437-r84_42-d2o96_8-v3600.o,1437.0,3600.0,84.41565,1.00475,0.00015,88.98
o_b8hcp-caseSC-c1437-r85_15-d2o96_8-v3700.o,1437.0,3700.0,85.15365,1.00529,0.00014,89.09
o_b8hcp-caseSC-c1437-r85_88-d2o96_8-v3800.o,1437.0,3800.0,85.87909,1.00602,0.00016,89.19
o_b8hcp-caseSC-c1437-r87_29-d2o96_8-v4000.o,1437.0,4000.0,87.29429,1.00591,0.00016,89.41
o_b8hcp-caseSC-c1437-r87_98-d2o96_8-v4100.o,1437.0,4100.0,87.985,1.00652,0.00016,89.49
o_b8hcp-caseSC-c1437-r88_67-d2o96_8-v4200.o,1437.0,4200.0,88.66503,1.00566,0.00015,89.57
o_b8hcp-caseSC-c1450-r60_35-d2o96_8-v1200.o,1450.0,1200.0,60.35281,0.86637,0.00016,79.13
o_b8hcp-caseSC-c1450-r63_14-d2o96_8-v1400.o,1450.0,1400.0,63.13549,0.89833,0.00017,81.27
o_b8hcp-caseSC-c1450-r68_06-d2o96_8-v1800.o,1450.0,1800.0,68.06437,0.94241,0.00016,84.13
o_b8hcp-caseSC-c1450-r70_28-d2o96_8-v2000.o,1450.0,2000.0,70.28164,0.95818,0.00015,85.13
o_b8hcp-caseSC-c1450-r71_34-d2o96_8-v2100.o,1450.0,2100.0,71.33965,0.96459,0.00014,85.58
o_b8hcp-caseSC-c1450-r72_37-d2o96_8-v2200.o,1450.0,2200.0,72.36719,0.97016,0.00016,85.96
o_b8hcp-caseSC-c1450-r73_37-d2o96_8-v2300.o,1450.0,2300.0,73.36635,0.9753,0.00016,86.29
o_b8hcp-caseSC-c1450-r74_34-d2o96_8-v2400.o,1450.0,2400.0,74.339,0.97945,0.00014,86.63
o_b8hcp-caseSC-c1450-r75_29-d2o96_8-v2500.o,1450.0,2500.0,75.28685,0.9836,0.00016,86.91
o_b8hcp-caseSC-c1450-r76_21-d2o96_8-v2600.o,1450.0,2600.0,76.21142,0.98715,0.00016,87.19
o_b8hcp-caseSC-c1450-r77_11-d2o96_8-v2700.o,1450.0,2700.0,77.11408,0.99042,0.00015,87.43
o_b8hcp-caseSC-c1450-r78_00-d2o96_8-v2800.o,1450.0,2800.0,77.99609,0.99303,0.00017,87.65
o_b8hcp-caseSC-c1450-r78_86-d2o96_8-v2900.o,1450.0,2900.0,78.85859,0.99584,0.00014,87.87
o_b8hcp-caseSC-c1450-r79_70-d2o96_8-v3000.o,1450.0,3000.0,79.70263,0.9982,0.00015,88.05
o_b8hcp-caseSC-c1450-r80_53-d2o96_8-v3100.o,1450.0,3100.0,80.52916,0.99977,0.00013,88.23
o_b8hcp-caseSC-c1450-r81_34-d2o96_8-v3200.o,1450.0,3200.0,81.33906,1.00145,0.00016,88.41
o_b8hcp-caseSC-c1450-r82_13-d2o96_8-v3300.o,1450.0,3300.0,82.13314,1.00256,0.00015,88.57
o_b8hcp-caseSC-c1450-r82_91-d2o96_8-v3400.o,1450.0,3400.0,82.91217,1.00361,0.00015,88.7
o_b8hcp-caseSC-c1450-r83_68-d2o96_8-v3500.o,1450.0,3500.0,83.67682,1.00459,0.00015,88.84
o_b8hcp-caseSC-c1450-r84_43-d2o96_8-v3600.o,1450.0,3600.0,84.42774,1.00522,0.00015,88.97
o_b8hcp-caseSC-c1450-r85_17-d2o96_8-v3700.o,1450.0,3700.0,85.16554,1.00586,0.00016,89.09
o_b8hcp-caseSC-c1450-r85_89-d2o96_8-v3800.o,1450.0,3800.0,85.89078,1.00634,0.00012,89.2
o_b8hcp-caseSC-c1450-r87_31-d2o96_8-v4000.o,1450.0,4000.0,87.3056,1.00703,0.00015,89.41
o_b8hcp-caseSC-c1450-r88_00-d2o96_8-v4100.o,1450.0,4100.0,87.99613,1.00713,0.00012,89.51
o_b8hcp-caseSC-c1450-r88_68-d2o96_8-v4200.o,1450.0,4200.0,88.67599,1.00661,0.00015,89.59
o_b8hcp-caseSC-c1462-r60_37-d2o96_8-v1200.o,1462.0,1200.0,60.37465,0.85981,0.00016,78.69
o_b8hcp-caseSC-c1462-r63_16-d2o96_8-v1400.o,1462.0,1400.0,63.15545,0.89215,0.00016,80.88
o_b8hcp-caseSC-c1462-r68_08-d2o96_8-v1800.o,1462.0,1800.0,68.08154,0.93758,0.00015,83.85
o_b8hcp-caseSC-c1462-r70_30-d2o96_8-v2000.o,1462.0,2000.0,70.29774,0.95367,0.00015,84.88
o_b8hcp-caseSC-c1462-r71_36-d2o96_8-v2100.o,1462.0,2100.0,71.35529,0.9604,0.00014,85.31
o_b8hcp-caseSC-c1462-r72_38-d2o96_8-v2200.o,1462.0,2200.0,72.38238,0.96636,0.00016,85.71
o_b8hcp-caseSC-c1462-r73_38-d2o96_8-v2300.o,1462.0,2300.0,73.38113,0.97181,0.00015,86.07
o_b8hcp-caseSC-c1462-r74_35-d2o96_8-v2400.o,1462.0,2400.0,74.3534,0.97701,0.00017,86.41
o_b8hcp-caseSC-c1462-r75_30-d2o96_8-v2500.o,1462.0,2500.0,75.30089,0.98102,0.00017,86.71
o_b8hcp-caseSC-c1462-r76_23-d2o96_8-v2600.o,1462.0,2600.0,76.22512,0.98463,0.00016,86.98
o_b8hcp-caseSC-c1462-r77_13-d2o96_8-v2700.o,1462.0,2700.0,77.12746,0.98837,0.00017,87.25
o_b8hcp-caseSC-c1462-r78_01-d2o96_8-v2800.o,1462.0,2800.0,78.00917,0.9913,0.00015,87.48
o_b8hcp-caseSC-c1462-r78_87-d2o96_8-v2900.o,1462.0,2900.0,78.87139,0.99396,0.00016,87.71
o_b8hcp-caseSC-c1462-r79_72-d2o96_8-v3000.o,1462.0,3000.0,79.71515,0.99639,0.00015,87.89
o_b8hcp-caseSC-c1462-r80_54-d2o96_8-v3100.o,1462.0,3100.0,80.54143,0.99813,0.00014,88.08
o_b8hcp-caseSC-c1462-r81_35-d2o96_8-v3200.o,1462.0,3200.0,81.35108,1.00021,0.00015,88.25
o_b8hcp-caseSC-c1462-r82_14-d2o96_8-v3300.o,1462.0,3300.0,82.14494,1.00166,0.00016,88.42
o_b8hcp-caseSC-c1462-r82_92-d2o96_8-v3400.o,1462.0,3400.0,82.92374,1.00263,0.00014,88.57
o_b8hcp-caseSC-c1462-r83_69-d2o96_8-v3500.o,1462.0,3500.0,83.68818,1.00393,0.00015,88.7
o_b8hcp-caseSC-c1462-r84_44-d2o96_8-v3600.o,1462.0,3600.0,84.4389,1.0048,0.00014,88.85
o_b8hcp-caseSC-c1462-r85_18-d2o96_8-v3700.o,1462.0,3700.0,85.17651,1.00588,0.00014,88.96
o_b8hcp-caseSC-c1462-r85_90-d2o96_8-v3800.o,1462.0,3800.0,85.90156,1.00651,0.00015,89.07
o_b8hcp-caseSC-c1462-r87_32-d2o96_8-v4000.o,1462.0,4000.0,87.31604,1.00706,0.00014,89.28
o_b8hcp-caseSC-c1462-r88_01-d2o96_8-v4100.o,1462.0,4100.0,88.00641,1.00721,0.00015,89.4
o_b8hcp-caseSC-c1462-r88_69-d2o96_8-v4200.o,1462.0,4200.0,88.68611,1.00723,0.00013,89.49
o_b8hcp-caseSC-c1475-r60_40-d2o96_8-v1200.o,1475.0,1200.0,60.39829,0.86036,0.00013,78.67
o_b8hcp-caseSC-c1475-r63_18-d2o96_8-v1400.o,1475.0,1400.0,63.17705,0.89268,0.00017,80.87
o_b8hcp-caseSC-c1475-r68_10-d2o96_8-v1800.o,1475.0,1800.0,68.10013,0.93801,0.00015,83.82
o_b8hcp-caseSC-c1475-r70_32-d2o96_8-v2000.o,1475.0,2000.0,70.31518,0.95438,0.00015,84.86
o_b8hcp-caseSC-c1475-r71_37-d2o96_8-v2100.o,1475.0,2100.0,71.37222,0.96088,0.00017,85.31
o_b8hcp-caseSC-c1475-r72_40-d2o96_8-v2200.o,1475.0,2200.0,72.39883,0.96701,0.00019,85.7
o_b8hcp-caseSC-c1475-r73_40-d2o96_8-v2300.o,1475.0,2300.0,73.39713,0.97214,0.00015,86.07
o_b8hcp-caseSC-c1475-r74_37-d2o96_8-v2400.o,1475.0,2400.0,74.36899,0.97718,0.00016,86.39
o_b8hcp-caseSC-c1475-r75_32-d2o96_8-v2500.o,1475.0,2500.0,75.31609,0.98175,0.00016,86.69
o_b8hcp-caseSC-c1475-r76_24-d2o96_8-v2600.o,1475.0,2600.0,76.23995,0.98514,0.00015,86.98
o_b8hcp-caseSC-c1475-r77_14-d2o96_8-v2700.o,1475.0,2700.0,77.14195,0.98898,0.00017,87.25
o_b8hcp-caseSC-c1475-r78_02-d2o96_8-v2800.o,1475.0,2800.0,78.02333,0.99154,0.00015,87.47
o_b8hcp-caseSC-c1475-r78_89-d2o96_8-v2900.o,1475.0,2900.0,78.88524,0.99426,0.00015,87.68
o_b8hcp-caseSC-c1475-r79_73-d2o96_8-v3000.o,1475.0,3000.0,79.72872,0.99681,0.00014,87.89
o_b8hcp-caseSC-c1475-r80_55-d2o96_8-v3100.o,1475.0,3100.0,80.55471,0.99893,0.00016,88.08
o_b8hcp-caseSC-c1475-r81_36-d2o96_8-v3200.o,1475.0,3200.0,81.36411,1.00071,0.00016,88.24
o_b8hcp-caseSC-c1475-r82_16-d2o96_8-v3300.o,1475.0,3300.0,82.15771,1.00228,0.00015,88.42
o_b8hcp-caseSC-c1475-r82_94-d2o96_8-v3400.o,1475.0,3400.0,82.93627,1.00352,0.00016,88.57
o_b8hcp-caseSC-c1475-r83_70-d2o96_8-v3500.o,1475.0,3500.0,83.70049,1.00456,0.00016,88.72
o_b8hcp-caseSC-c1475-r84_45-d2o96_8-v3600.o,1475.0,3600.0,84.45099,1.00581,0.00016,88.84
o_b8hcp-caseSC-c1475-r85_19-d2o96_8-v3700.o,1475.0,3700.0,85.18839,1.00592,0.00017,88.97
o_b8hcp-caseSC-c1475-r85_91-d2o96_8-v3800.o,1475.0,3800.0,85.91324,1.0068,0.00016,89.07
o_b8hcp-caseSC-c1475-r87_33-d2o96_8-v4000.o,1475.0,4000.0,87.32734,1.00752,0.00014,89.29
o_b8hcp-caseSC-c1475-r88_02-d2o96_8-v4100.o,1475.0,4100.0,88.01754,1.00749,0.00015,89.4
o_b8hcp-caseSC-c1475-r88_70-d2o96_8-v4200.o,1475.0,4200.0,88.69707,1.00765,0.00016,89.48
o_b8hcp-caseSC-c1487-r60_42-d2o96_8-v1200.o,1487.0,1200.0,60.42009,0.86083,0.00016,78.66
o_b8hcp-caseSC-c1487-r63_20-d2o96_8-v1400.o,1487.0,1400.0,63.19699,0.89332,0.00017,80.87
o_b8hcp-caseSC-c1487-r68_12-d2o96_8-v1800.o,1487.0,1800.0,68.11729,0.9384,0.00016,83.82
o_b8hcp-caseSC-c1487-r70_33-d2o96_8-v2000.o,1487.0,2000.0,70.33127,0.95465,0.00016,84.85
o_b8hcp-caseSC-c1487-r71_39-d2o96_8-v2100.o,1487.0,2100.0,71.38783,0.96133,0.00016,85.3
o_b8hcp-caseSC-c1487-r72_41-d2o96_8-v2200.o,1487.0,2200.0,72.41401,0.96746,0.00017,85.71
o_b8hcp-caseSC-c1487-r73_41-d2o96_8-v2300.o,1487.0,2300.0,73.4119,0.97238,0.00016,86.06
o_b8hcp-caseSC-c1487-r74_38-d2o96_8-v2400.o,1487.0,2400.0,74.38338,0.97784,0.00015,86.39
o_b8hcp-caseSC-c1487-r75_33-d2o96_8-v2500.o,1487.0,2500.0,75.33012,0.98157,0.00016,86.7
o_b8hcp-caseSC-c1487-r76_25-d2o96_8-v2600.o,1487.0,2600.0,76.25364,0.98566,0.00016,86.96
o_b8hcp-caseSC-c1487-r77_16-d2o96_8-v2700.o,1487.0,2700.0,77.15532,0.98939,0.00016,87.23
o_b8hcp-caseSC-c1487-r78_04-d2o96_8-v2800.o,1487.0,2800.0,78.0364,0.99226,0.00014,87.49
o_b8hcp-caseSC-c1487-r78_90-d2o96_8-v2900.o,1487.0,2900.0,78.89803,0.99482,0.00016,87.69
o_b8hcp-caseSC-c1487-r79_74-d2o96_8-v3000.o,1487.0,3000.0,79.74123,0.99716,0.00016,87.88
o_b8hcp-caseSC-c1487-r80_57-d2o96_8-v3100.o,1487.0,3100.0,80.56697,0.99929,0.00015,88.06
o_b8hcp-caseSC-c1487-r81_38-d2o96_8-v3200.o,1487.0,3200.0,81.37613,1.00103,0.00014,88.25
o_b8hcp-caseSC-c1487-r82_17-d2o96_8-v3300.o,1487.0,3300.0,82.1695,1.00287,0.00014,88.42
o_b8hcp-caseSC-c1487-r82_95-d2o96_8-v3400.o,1487.0,3400.0,82.94784,1.00403,0.00014,88.56
o_b8hcp-caseSC-c1487-r83_71-d2o96_8-v3500.o,1487.0,3500.0,83.71184,1.0052,0.00017,88.7
o_b8hcp-caseSC-c1487-r84_46-d2o96_8-v3600.o,1487.0,3600.0,84.46215,1.00656,0.00013,88.84
o_b8hcp-caseSC-c1487-r85_20-d2o96_8-v3700.o,1487.0,3700.0,85.19936,1.00667,0.00015,88.96
o_b8hcp-caseSC-c1487-r85_92-d2o96_8-v3800.o,1487.0,3800.0,85.92402,1.00754,0.00016,89.07
o_b8hcp-caseSC-c1487-r87_34-d2o96_8-v4000.o,1487.0,4000.0,87.33778,1.00821,0.00015,89.29
o_b8hcp-caseSC-c1487-r88_03-d2o96_8-v4100.o,1487.0,4100.0,88.02781,1.00813,0.00015,89.39
o_b8hcp-caseSC-c1487-r88_71-d2o96_8-v4200.o,1487.0,4200.0,88.70718,1.00819,0.00015,89.46
o_b8hcp-caseSC-c1500-r60_44-d2o96_8-v1200.o,1500.0,1200.0,60.4437,0.86123,0.00016,78.68
o_b8hcp-caseSC-c1500-r63_22-d2o96_8-v1400.o,1500.0,1400.0,63.21856,0.89338,0.00012,80.84
o_b8hcp-caseSC-c1500-r68_14-d2o96_8-v1800.o,1500.0,1800.0,68.13586,0.93898,0.00016,83.84
o_b8hcp-caseSC-c1500-r70_35-d2o96_8-v2000.o,1500.0,2000.0,70.3487,0.95521,0.00017,84.86
o_b8hcp-caseSC-c1500-r71_40-d2o96_8-v2100.o,1500.0,2100.0,71.40475,0.96181,0.00017,85.3
o_b8hcp-caseSC-c1500-r72_43-d2o96_8-v2200.o,1500.0,2200.0,72.43045,0.96796,0.00015,85.7
o_b8hcp-caseSC-c1500-r73_43-d2o96_8-v2300.o,1500.0,2300.0,73.42789,0.97345,0.00014,86.06
o_b8hcp-caseSC-c1500-r74_40-d2o96_8-v2400.o,1500.0,2400.0,74.39895,0.97809,0.00016,86.4
o_b8hcp-caseSC-c1500-r75_35-d2o96_8-v2500.o,1500.0,2500.0,75.34531,0.98253,0.00016,86.7
o_b8hcp-caseSC-c1500-r76_27-d2o96_8-v2600.o,1500.0,2600.0,76.26846,0.98645,0.00016,86.98
o_b8hcp-caseSC-c1500-r77_17-d2o96_8-v2700.o,1500.0,2700.0,77.1698,0.98968,0.00015,87.25
o_b8hcp-caseSC-c1500-r78_05-d2o96_8-v2800.o,1500.0,2800.0,78.05056,0.99273,0.00015,87.46
o_b8hcp-caseSC-c1500-r78_91-d2o96_8-v2900.o,1500.0,2900.0,78.91188,0.99564,0.00015,87.69
o_b8hcp-caseSC-c1500-r79_75-d2o96_8-v3000.o,1500.0,3000.0,79.75479,0.99789,0.00014,87.9
o_b8hcp-caseSC-c1500-r80_58-d2o96_8-v3100.o,1500.0,3100.0,80.58025,0.99998,0.00015,88.07
o_b8hcp-caseSC-c1500-r81_39-d2o96_8-v3200.o,1500.0,3200.0,81.38914,1.00124,0.00015,88.25
o_b8hcp-caseSC-c1500-r82_18-d2o96_8-v3300.o,1500.0,3300.0,82.18227,1.00317,0.00013,88.4
o_b8hcp-caseSC-c1500-r82_96-d2o96_8-v3400.o,1500.0,3400.0,82.96037,1.00449,0.00013,88.57
o_b8hcp-caseSC-c1500-r83_72-d2o96_8-v3500.o,1500.0,3500.0,83.72414,1.00563,0.00016,88.7
o_b8hcp-caseSC-c1500-r84_47-d2o96_8-v3600.o,1500.0,3600.0,84.47423,1.00667,0.00015,88.83
o_b8hcp-caseSC-c1500-r85_21-d2o96_8-v3700.o,1500.0,3700.0,85.21123,1.00722,0.00014,88.97
o_b8hcp-caseSC-c1500-r85_94-d2o96_8-v3800.o,1500.0,3800.0,85.9357,1.00771,0.00014,89.08
o_b8hcp-caseSC-c1500-r87_35-d2o96_8-v4000.o,1500.0,4000.0,87.34908,1.00873,0.00016,89.27
o_b8hcp-caseSC-c1500-r88_04-d2o96_8-v4100.o,1500.0,4100.0,88.03893,1.0086,0.00015,89.4
o_b8hcp-caseSC-c1500-r88_72-d2o96_8-v4200.o,1500.0,4200.0,88.71814,1.00864,0.00015,89.49
o_b8hcp-caseSC-c1525-r60_49-d2o96_8-v1200.o,1525.0,1200.0,60.48904,0.84827,0.00016,77.77
o_b8hcp-caseSC-c1525-r63_26-d2o96_8-v1400.o,1525.0,1400.0,63.26002,0.8816,0.00016,80.08
o_b8hcp-caseSC-c1525-r68_17-d2o96_8-v1800.o,1525.0,1800.0,68.17155,0.92967,0.00018,83.2
o_b8hcp-caseSC-c1525-r70_38-d2o96_8-v2000.o,1525.0,2000.0,70.38218,0.94666,0.00015,84.31
o_b8hcp-caseSC-c1525-r71_44-d2o96_8-v2100.o,1525.0,2100.0,71.43725,0.95426,0.00015,84.79
o_b8hcp-caseSC-c1525-r72_46-d2o96_8-v2200.o,1525.0,2200.0,72.46204,0.96101,0.00015,85.22
o_b8hcp-caseSC-c1525-r73_46-d2o96_8-v2300.o,1525.0,2300.0,73.45863,0.96639,0.00017,85.59
o_b8hcp-caseSC-c1525-r74_43-d2o96_8-v2400.o,1525.0,2400.0,74.42889,0.9718,0.00015,85.94
o_b8hcp-caseSC-c1525-r75_37-d2o96_8-v2500.o,1525.0,2500.0,75.3745,0.97643,0.00014,86.28
o_b8hcp-caseSC-c1525-r76_30-d2o96_8-v2600.o,1525.0,2600.0,76.29695,0.98095,0.00016,86.58
o_b8hcp-caseSC-c1525-r77_20-d2o96_8-v2700.o,1525.0,2700.0,77.19763,0.98474,0.00015,86.85
o_b8hcp-caseSC-c1525-r78_08-d2o96_8-v2800.o,1525.0,2800.0,78.07776,0.98793,0.00015,87.08
o_b8hcp-caseSC-c1525-r78_94-d2o96_8-v2900.o,1525.0,2900.0,78.93849,0.99146,0.00016,87.31
o_b8hcp-caseSC-c1525-r79_78-d2o96_8-v3000.o,1525.0,3000.0,79.78084,0.99363,0.00015,87.54
o_b8hcp-caseSC-c1525-r80_61-d2o96_8-v3100.o,1525.0,3100.0,80.60578,0.99651,0.00016,87.74
o_b8hcp-caseSC-c1525-r81_41-d2o96_8-v3200.o,1525.0,3200.0,81.41416,0.99866,0.00015,87.94
o_b8hcp-caseSC-c1525-r82_21-d2o96_8-v3300.o,1525.0,3300.0,82.20681,1.00043,0.00014,88.11
o_b8hcp-caseSC-c1525-r82_98-d2o96_8-v3400.o,1525.0,3400.0,82.98445,1.00225,0.00013,88.27
o_b8hcp-caseSC-c1525-r83_75-d2o96_8-v3500.o,1525.0,3500.0,83.74779,1.00373,0.00014,88.41
o_b8hcp-caseSC-c1525-r84_50-d2o96_8-v3600.o,1525.0,3600.0,84.49746,1.00465,0.00016,88.56
o_b8hcp-caseSC-c1525-r85_23-d2o96_8-v3700.o,1525.0,3700.0,85.23406,1.0058,0.00015,88.7
o_b8hcp-caseSC-c1525-r85_96-d2o96_8-v3800.o,1525.0,3800.0,85.95814,1.00743,0.00016,88.83
o_b8hcp-caseSC-c1525-r87_37-d2o96_8-v4000.o,1525.0,4000.0,87.3708,1.00835,0.00014,89.07
o_b8hcp-caseSC-c1525-r88_06-d2o96_8-v4100.o,1525.0,4100.0,88.06031,1.00883,0.00016,89.16
o_b8hcp-caseSC-c1525-r88_74-d2o96_8-v4200.o,1525.0,4200.0,88.7392,1.00922,0.00017,89.25
o_b8hcp-caseSC-c1550-r60_53-d2o96_8-v1200.o,1550.0,1200.0,60.53432,0.84886,0.00015,77.71
o_b8hcp-caseSC-c1550-r63_30-d2o96_8-v1400.o,1550.0,1400.0,63.30142,0.88203,0.00015,80.06
o_b8hcp-caseSC-c1550-r68_21-d2o96_8-v1800.o,1550.0,1800.0,68.20721,0.93041,0.00017,83.19
o_b8hcp-caseSC-c1550-r70_42-d2o96_8-v2000.o,1550.0,2000.0,70.41563,0.94775,0.00017,84.29
o_b8hcp-caseSC-c1550-r71_47-d2o96_8-v2100.o,1550.0,2100.0,71.46972,0.95485,0.00016,84.75
o_b8hcp-caseSC-c1550-r72_49-d2o96_8-v2200.o,1550.0,2200.0,72.4936,0.96124,0.00015,85.2
o_b8hcp-caseSC-c1550-r73_49-d2o96_8-v2300.o,1550.0,2300.0,73.48934,0.96758,0.00015,85.6
o_b8hcp-caseSC-c1550-r74_46-d2o96_8-v2400.o,1550.0,2400.0,74.45881,0.97306,0.00016,85.94
o_b8hcp-caseSC-c1550-r75_40-d2o96_8-v2500.o,1550.0,2500.0,75.40367,0.9772,0.00015,86.25
o_b8hcp-caseSC-c1550-r76_33-d2o96_8-v2600.o,1550.0,2600.0,76.32542,0.9821,0.00014,86.57
o_b8hcp-caseSC-c1550-r77_23-d2o96_8-v2700.o,1550.0,2700.0,77.22544,0.98558,0.00015,86.82
o_b8hcp-caseSC-c1550-r78_10-d2o96_8-v2800.o,1550.0,2800.0,78.10495,0.98904,0.00015,87.08
o_b8hcp-caseSC-c1550-r78_97-d2o96_8-v2900.o,1550.0,2900.0,78.96509,0.99224,0.00015,87.32
o_b8hcp-caseSC-c1550-r79_81-d2o96_8-v3000.o,1550.0,3000.0,79.80688,0.99518,0.00014,87.55
o_b8hcp-caseSC-c1550-r80_63-d2o96_8-v3100.o,1550.0,3100.0,80.63129,0.99727,0.00016,87.73
o_b8hcp-caseSC-c1550-r81_44-d2o96_8-v3200.o,1550.0,3200.0,81.43917,0.99937,0.00015,87.93
o_b8hcp-caseSC-c1550-r82_23-d2o96_8-v3300.o,1550.0,3300.0,82.23133,1.00157,0.00016,88.11
o_b8hcp-caseSC-c1550-r83_01-d2o96_8-v3400.o,1550.0,3400.0,83.00852,1.00329,0.00013,88.27
o_b8hcp-caseSC-c1550-r83_77-d2o96_8-v3500.o,1550.0,3500.0,83.77142,1.00469,0.00016,88.43
o_b8hcp-caseSC-c1550-r84_52-d2o96_8-v3600.o,1550.0,3600.0,84.52067,1.00612,0.00016,88.54
o_b8hcp-caseSC-c1550-r85_26-d2o96_8-v3700.o,1550.0,3700.0,85.25687,1.00697,0.00016,88.7
o_b8hcp-caseSC-c1550-r85_98-d2o96_8-v3800.o,1550.0,3800.0,85.98057,1.00785,0.00014,88.81
o_b8hcp-caseSC-c1550-r87_39-d2o96_8-v4000.o,1550.0,4000.0,87.39251,1.00933,0.00015,89.05
o_b8hcp-caseSC-c1550-r88_08-d2o96_8-v4100.o,1550.0,4100.0,88.08169,1.01019,0.00015,89.16
o_b8hcp-caseSC-c1550-r88_76-d2o96_8-v4200.o,1550.0,4200.0,88.76024,1.01052,0.00014,89.26
o_b8hcp-caseSC-c1575-r60_58-d2o96_8-v1200.o,1575.0,1200.0,60.57953,0.84665,0.00016,77.52
o_b8hcp-caseSC-c1575-r63_34-d2o96_8-v1400.o,1575.0,1400.0,63.34277,0.87992,0.00017,79.88
o_b8hcp-caseSC-c1575-r68_24-d2o96_8-v1800.o,1575.0,1800.0,68.24283,0.92841,0.00013,83.05
o_b8hcp-caseSC-c1575-r70_45-d2o96_8-v2000.o,1575.0,2000.0,70.44905,0.9461,0.00016,84.15
o_b8hcp-caseSC-c1575-r71_50-d2o96_8-v2100.o,1575.0,2100.0,71.50216,0.95355,0.00017,84.64
o_b8hcp-caseSC-c1575-r72_53-d2o96_8-v2200.o,1575.0,2200.0,72.52513,0.96031,0.00016,85.08
o_b8hcp-caseSC-c1575-r73_52-d2o96_8-v2300.o,1575.0,2300.0,73.52002,0.96647,0.00014,85.47
o_b8hcp-caseSC-c1575-r74_49-d2o96_8-v2400.o,1575.0,2400.0,74.4887,0.97199,0.00016,85.83
o_b8hcp-caseSC-c1575-r75_43-d2o96_8-v2500.o,1575.0,2500.0,75.43282,0.97657,0.00014,86.15
o_b8hcp-caseSC-c1575-r76_35-d2o96_8-v2600.o,1575.0,2600.0,76.35387,0.98087,0.00015,86.47
o_b8hcp-caseSC-c1575-r77_25-d2o96_8-v2700.o,1575.0,2700.0,77.25323,0.985,0.00015,86.72
o_b8hcp-caseSC-c1575-r78_13-d2o96_8-v2800.o,1575.0,2800.0,78.13212,0.98833,0.00017,86.99
o_b8hcp-caseSC-c1575-r78_99-d2o96_8-v2900.o,1575.0,2900.0,78.99167,0.99199,0.00014,87.23
o_b8hcp-caseSC-c1575-r79_83-d2o96_8-v3000.o,1575.0,3000.0,79.8329,0.99482,0.00015,87.45
o_b8hcp-caseSC-c1575-r80_66-d2o96_8-v3100.o,1575.0,3100.0,80.65678,0.99746,0.00015,87.67
o_b8hcp-caseSC-c1575-r81_46-d2o96_8-v3200.o,1575.0,3200.0,81.46416,0.99954,0.00015,87.85
o_b8hcp-caseSC-c1575-r82_26-d2o96_8-v3300.o,1575.0,3300.0,82.25584,1.00144,0.00014,88.02
o_b8hcp-caseSC-c1575-r83_03-d2o96_8-v3400.o,1575.0,3400.0,83.03257,1.00365,0.00016,88.2
o_b8hcp-caseSC-c1575-r83_80-d2o96_8-v3500.o,1575.0,3500.0,83.79504,1.00495,0.00016,88.35
o_b8hcp-caseSC-c1575-r84_54-d2o96_8-v3600.o,1575.0,3600.0,84.54387,1.00591,0.00016,88.5
o_b8hcp-caseSC-c1575-r85_28-d2o96_8-v3700.o,1575.0,3700.0,85.27967,1.00741,0.00015,88.65
o_b8hcp-caseSC-c1575-r86_00-d2o96_8-v3800.o,1575.0,3800.0,86.00299,1.00861,0.00016,88.78
o_b8hcp-caseSC-c1575-r87_41-d2o96_8-v4000.o,1575.0,4000.0,87.41421,1.00981,0.00017,88.99
o_b8hcp-caseSC-c1575-r88_10-d2o96_8-v4100.o,1575.0,4100.0,88.10305,1.01055,0.00015,89.1
o_b8hcp-caseSC-c1575-r88_78-d2o96_8-v4200.o,1575.0,4200.0,88.78128,1.01117,0.00015,89.23
o_b8hcp-caseSC-c1600-r60_62-d2o96_8-v1200.o,1600.0,1200.0,60.62467,0.84803,0.00015,77.6
o_b8hcp-caseSC-c1600-r63_38-d2o96_8-v1400.o,1600.0,1400.0,63.38406,0.88159,0.00017,79.91
o_b8hcp-caseSC-c1600-r68_28-d2o96_8-v1800.o,1600.0,1800.0,68.27841,0.93017,0.00015,83.09
o_b8hcp-caseSC-c1600-r70_48-d2o96_8-v2000.o,1600.0,2000.0,70.48244,0.94761,0.00015,84.2
o_b8hcp-caseSC-c1600-r71_53-d2o96_8-v2100.o,1600.0,2100.0,71.53457,0.95501,0.00018,84.67
o_b8hcp-caseSC-c1600-r72_56-d2o96_8-v2200.o,1600.0,2200.0,72.55663,0.96162,0.00017,85.09
o_b8hcp-caseSC-c1600-r73_55-d2o96_8-v2300.o,1600.0,2300.0,73.55068,0.96759,0.00012,85.52
o_b8hcp-caseSC-c1600-r74_52-d2o96_8-v2400.o,1600.0,2400.0,74.51857,0.97305,0.00016,85.86
o_b8hcp-caseSC-c1600-r75_46-d2o96_8-v2500.o,1600.0,2500.0,75.46194,0.97783,0.00015,86.18
o_b8hcp-caseSC-c1600-r76_38-d2o96_8-v2600.o,1600.0,2600.0,76.3823,0.9825,0.00014,86.48
o_b8hcp-caseSC-c1600-r77_28-d2o96_8-v2700.o,1600.0,2700.0,77.281,0.98634,0.00015,86.76
o_b8hcp-caseSC-c1600-r78_16-d2o96_8-v2800.o,1600.0,2800.0,78.15926,0.98987,0.00015,87.0
o_b8hcp-caseSC-c1600-r79_02-d2o96_8-v2900.o,1600.0,2900.0,79.01823,0.99306,0.00016,87.26
o_b8hcp-caseSC-c1600-r79_86-d2o96_8-v3000.o,1600.0,3000.0,79.85891,0.99609,0.00015,87.46
o_b8hcp-caseSC-c1600-r80_68-d2o96_8-v3100.o,1600.0,3100.0,80.68225,0.99846,0.00014,87.66
o_b8hcp-caseSC-c1600-r81_49-d2o96_8-v3200.o,1600.0,3200.0,81.48913,1.0003,0.00015,87.86
o_b8hcp-caseSC-c1600-r82_28-d2o96_8-v3300.o,1600.0,3300.0,82.28034,1.00238,0.00015,88.04
o_b8hcp-caseSC-c1600-r83_06-d2o96_8-v3400.o,1600.0,3400.0,83.05661,1.00426,0.00015,88.22
o_b8hcp-caseSC-c1600-r83_82-d2o96_8-v3500.o,1600.0,3500.0,83.81864,1.00606,0.00015,88.37
o_b8hcp-caseSC-c1600-r84_57-d2o96_8-v3600.o,1600.0,3600.0,84.56706,1.00736,0.00016,88.52
o_b8hcp-caseSC-c1600-r85_30-d2o96_8-v3700.o,1600.0,3700.0,85.30246,1.0082,0.00015,88.65
o_b8hcp-caseSC-c1600-r86_03-d2o96_8-v3800.o,1600.0,3800.0,86.0254,1.00966,0.00014,88.78
o_b8hcp-caseSC-c1600-r87_44-d2o96_8-v4000.o,1600.0,4000.0,87.4359,1.01079,0.00014,89.0
o_b8hcp-caseSC-c1600-r88_12-d2o96_8-v4100.o,1600.0,4100.0,88.1244,1.01143,0.00012,89.13
o_b8hcp-caseSC-c1600-r88_80-d2o96_8-v4200.o,1600.0,4200.0,88.80231,1.01195,0.00013,89.22
o_b8hcp-caseSC-c1625-r60_67-d2o96_8-v1200.o,1625.0,1200.0,60.66974,0.84903,0.00016,77.59
o_b8hcp-caseSC-c1625-r63_43-d2o96_8-v1400.o,1625.0,1400.0,63.4253,0.88273,0.00017,79.91
o_b8hcp-caseSC-c1625-r68_31-d2o96_8-v1800.o,1625.0,1800.0,68.31395,0.93119,0.00017,83.09
o_b8hcp-caseSC-c1625-r70_52-d2o96_8-v2000.o,1625.0,2000.0,70.5158,0.94866,0.00016,84.22
o_b8hcp-caseSC-c1625-r71_57-d2o96_8-v2100.o,1625.0,2100.0,71.56696,0.95625,0.00017,84.69
o_b8hcp-caseSC-c1625-r72_59-d2o96_8-v2200.o,1625.0,2200.0,72.58811,0.9629,0.00014,85.11
o_b8hcp-caseSC-c1625-r73_58-d2o96_8-v2300.o,1625.0,2300.0,73.58132,0.96883,0.00017,85.51
o_b8hcp-caseSC-c1625-r74_55-d2o96_8-v2400.o,1625.0,2400.0,74.54841,0.97436,0.00016,85.85
o_b8hcp-caseSC-c1625-r75_49-d2o96_8-v2500.o,1625.0,2500.0,75.49104,0.9786,0.00017,86.2
o_b8hcp-caseSC-c1625-r76_41-d2o96_8-v2600.o,1625.0,2600.0,76.4107,0.98364,0.00014,86.51
o_b8hcp-caseSC-c1625-r77_31-d2o96_8-v2700.o,1625.0,2700.0,77.30874,0.98724,0.00016,86.79
o_b8hcp-caseSC-c1625-r78_19-d2o96_8-v2800.o,1625.0,2800.0,78.18639,0.99083,0.00014,87.01
o_b8hcp-caseSC-c1625-r79_04-d2o96_8-v2900.o,1625.0,2900.0,79.04477,0.99395,0.00016,87.26
o_b8hcp-caseSC-c1625-r79_88-d2o96_8-v3000.o,1625.0,3000.0,79.8849,0.99674,0.00016,87.48
o_b8hcp-caseSC-c1625-r80_71-d2o96_8-v3100.o,1625.0,3100.0,80.70771,0.9996,0.00016,87.7
o_b8hcp-caseSC-c1625-r81_51-d2o96_8-v3200.o,1625.0,3200.0,81.51409,1.00162,0.00015,87.88
o_b8hcp-caseSC-c1625-r82_30-d2o96_8-v3300.o,1625.0,3300.0,82.30482,1.00371,0.00015,88.06
o_b8hcp-caseSC-c1625-r83_08-d2o96_8-v3400.o,1625.0,3400.0,83.08064,1.00566,0.00014,88.23
o_b8hcp-caseSC-c1625-r83_84-d2o96_8-v3500.o,1625.0,3500.0,83.84223,1.00715,0.00014,88.4
o_b8hcp-caseSC-c1625-r84_59-d2o96_8-v3600.o,1625.0,3600.0,84.59024,1.00851,0.00017,88.52
o_b8hcp-caseSC-c1625-r85_33-d2o96_8-v3700.o,1625.0,3700.0,85.32524,1.00958,0.00014,88.67
o_b8hcp-caseSC-c1625-r86_05-d2o96_8-v3800.o,1625.0,3800.0,86.0478,1.01052,0.00017,88.8
o_b8hcp-caseSC-c1625-r87_46-d2o96_8-v4000.o,1625.0,4000.0,87.45758,1.01177,0.00016,89.02
o_b8hcp-caseSC-c1625-r88_15-d2o96_8-v4100.o,1625.0,4100.0,88.14575,1.01266,0.00015,89.13
o_b8hcp-caseSC-c1625-r88_82-d2o96_8-v4200.o,1625.0,4200.0,88.82333,1.01273,0.00015,89.23
o_b8hcp-caseSC-c1650-r60_71-d2o96_8-v1200.o,1650.0,1200.0,60.71475,0.85018,0.00016,77.59
o_b8hcp-caseSC-c1650-r63_47-d2o96_8-v1400.o,1650.0,1400.0,63.46648,0.88409,0.00017,79.92
o_b8hcp-caseSC-c1650-r68_35-d2o96_8-v1800.o,1650.0,1800.0,68.34946,0.93218,0.00016,83.1
o_b8hcp-caseSC-c1650-r70_55-d2o96_8-v2000.o,1650.0,2000.0,70.54912,0.94983,0.00016,84.21
o_b8hcp-caseSC-c1650-r71_60-d2o96_8-v2100.o,1650.0,2100.0,71.59931,0.95705,0.00016,84.67
o_b8hcp-caseSC-c1650-r72_62-d2o96_8-v2200.o,1650.0,2200.0,72.61956,0.96375,0.00016,85.12
o_b8hcp-caseSC-c1650-r73_61-d2o96_8-v2300.o,1650.0,2300.0,73.61192,0.96929,0.00016,85.51
o_b8hcp-caseSC-c1650-r74_58-d2o96_8-v2400.o,1650.0,2400.0,74.57823,0.97516,0.00016,85.86
o_b8hcp-caseSC-c1650-r75_52-d2o96_8-v2500.o,1650.0,2500.0,75.52012,0.97989,0.00014,86.19
o_b8hcp-caseSC-c1650-r76_44-d2o96_8-v2600.o,1650.0,2600.0,76.43909,0.98422,0.00015,86.5
o_b8hcp-caseSC-c1650-r77_34-d2o96_8-v2700.o,1650.0,2700.0,77.33647,0.98839,0.00015,86.78
o_b8hcp-caseSC-c1650-r78_21-d2o96_8-v2800.o,1650.0,2800.0,78.2135,0.99179,0.00014,87.02
o_b8hcp-caseSC-c1650-r79_07-d2o96_8-v2900.o,1650.0,2900.0,79.07129,0.99495,0.00015,87.27
o_b8hcp-caseSC-c1650-r79_91-d2o96_8-v3000.o,1650.0,3000.0,79.91087,0.99802,0.00015,87.49
o_b8hcp-caseSC-c1650-r80_73-d2o96_8-v3100.o,1650.0,3100.0,80.73316,1.00008,0.00014,87.7
o_b8hcp-caseSC-c1650-r81_54-d2o96_8-v3200.o,1650.0,3200.0,81.53903,1.00262,0.00016,87.89
o_b8hcp-caseSC-c1650-r82_33-d2o96_8-v3300.o,1650.0,3300.0,82.32928,1.00473,0.00015,88.06
o_b8hcp-caseSC-c1650-r83_10-d2o96_8-v3400.o,1650.0,3400.0,83.10465,1.00618,0.00016,88.23
o_b8hcp-caseSC-c1650-r83_87-d2o96_8-v3500.o,1650.0,3500.0,83.86581,1.00799,0.00015,88.37
o_b8hcp-caseSC-c1650-r84_61-d2o96_8-v3600.o,1650.0,3600.0,84.6134,1.00915,0.00016,88.53
o_b8hcp-caseSC-c1650-r85_35-d2o96_8-v3700.o,1650.0,3700.0,85.34801,1.0103,0.00015,88.65
o_b8hcp-caseSC-c1650-r86_07-d2o96_8-v3800.o,1650.0,3800.0,86.07018,1.01125,0.00013,88.79
o_b8hcp-caseSC-c1650-r87_48-d2o96_8-v4000.o,1650.0,4000.0,87.47925,1.01303,0.00013,89.02
o_b8hcp-caseSC-c1650-r88_17-d2o96_8-v4100.o,1650.0,4100.0,88.16708,1.01326,0.00014,89.12
o_b8hcp-caseSC-c1650-r88_84-d2o96_8-v4200.o,1650.0,4200.0,88.84434,1.01383,0.00015,89.23
o_b8hcp-caseSC-c1675-r60_76-d2o96_8-v1200.o,1675.0,1200.0,60.75969,0.85091,0.00015,77.61
o_b8hcp-caseSC-c1675-r63_51-d2o96_8-v1400.o,1675.0,1400.0,63.50761,0.88468,0.00015,79.96
o_b8hcp-caseSC-c1675-r68_38-d2o96_8-v1800.o,1675.0,1800.0,68.38493,0.93301,0.00015,83.11
o_b8hcp-caseSC-c1675-r70_58-d2o96_8-v2000.o,1675.0,2000.0,70.58242,0.95057,0.00017,84.22
o_b8hcp-caseSC-c1675-r71_63-d2o96_8-v2100.o,1675.0,2100.0,71.63163,0.95778,0.00017,84.71
o_b8hcp-caseSC-c1675-r72_65-d2o96_8-v2200.o,1675.0,2200.0,72.65099,0.96453,0.00015,85.14
o_b8hcp-caseSC-c1675-r73_64-d2o96_8-v2300.o,1675.0,2300.0,73.64251,0.9704,0.00017,85.51
o_b8hcp-caseSC-c1675-r74_61-d2o96_8-v2400.o,1675.0,2400.0,74.60802,0.9759,0.00014,85.89
o_b8hcp-caseSC-c1675-r75_55-d2o96_8-v2500.o,1675.0,2500.0,75.54918,0.98086,0.00016,86.21
o_b8hcp-caseSC-c1675-r76_47-d2o96_8-v2600.o,1675.0,2600.0,76.46745,0.98543,0.00014,86.5
o_b8hcp-caseSC-c1675-r77_36-d2o96_8-v2700.o,1675.0,2700.0,77.36418,0.9893,0.00016,86.79
o_b8hcp-caseSC-c1675-r78_24-d2o96_8-v2800.o,1675.0,2800.0,78.2406,0.99258,0.00015,87.03
o_b8hcp-caseSC-c1675-r79_10-d2o96_8-v2900.o,1675.0,2900.0,79.0978,0.99587,0.00014,87.27
o_b8hcp-caseSC-c1675-r79_94-d2o96_8-v3000.o,1675.0,3000.0,79.93682,0.99876,0.00014,87.49
o_b8hcp-caseSC-c1675-r80_76-d2o96_8-v3100.o,1675.0,3100.0,80.75859,1.00125,0.00014,87.72
o_b8hcp-caseSC-c1675-r81_56-d2o96_8-v3200.o,1675.0,3200.0,81.56396,1.00353,0.00016,87.88
o_b8hcp-caseSC-c1675-r82_35-d2o96_8-v3300.o,1675.0,3300.0,82.35374,1.00518,0.00014,88.07
o_b8hcp-caseSC-c1675-r83_13-d2o96_8-v3400.o,1675.0,3400.0,83.12865,1.00722,0.00017,88.23
o_b8hcp-caseSC-c1675-r83_89-d2o96_8-v3500.o,1675.0,3500.0,83.88937,1.00886,0.00016,88.38
o_b8hcp-caseSC-c1675-r84_64-d2o96_8-v3600.o,1675.0,3600.0,84.63655,1.00992,0.00014,88.53
o_b8hcp-caseSC-c1675-r85_37-d2o96_8-v3700.o,1675.0,3700.0,85.37076,1.01115,0.00016,88.66
o_b8hcp-caseSC-c1675-r86_09-d2o96_8-v3800.o,1675.0,3800.0,86.09256,1.0124,0.00015,88.81
o_b8hcp-caseSC-c1675-r87_50-d2o96_8-v4000.o,1675.0,4000.0,87.50091,1.01365,0.00013,89.03
o_b8hcp-caseSC-c1675-r88_19-d2o96_8-v4100.o,1675.0,4100.0,88.1884,1.01429,0.00015,89.13
o_b8hcp-caseSC-c1675-r88_87-d2o96_8-v4200.o,1675.0,4200.0,88.86534,1.01465,0.00013,89.24
o_b8hcp-caseSC-c1700-r60_80-d2o96_8-v1200.o,1700.0,1200.0,60.80457,0.85167,0.00016,77.61
o_b8hcp-caseSC-c1700-r63_55-d2o96_8-v1400.o,1700.0,1400.0,63.54869,0.8854,0.00015,79.95
o_b8hcp-caseSC-c1700-r68_42-d2o96_8-v1800.o,1700.0,1800.0,68.42036,0.93373,0.00013,83.12
o_b8hcp-caseSC-c1700-r70_62-d2o96_8-v2000.o,1700.0,2000.0,70.61568,0.95095,0.00018,84.22
o_b8hcp-caseSC-c1700-r71_66-d2o96_8-v2100.o,1700.0,2100.0,71.66393,0.95841,0.00015,84.69
o_b8hcp-caseSC-c1700-r72_68-d2o96_8-v2200.o,1700.0,2200.0,72.68238,0.96553,0.00015,85.12
o_b8hcp-caseSC-c1700-r73_67-d2o96_8-v2300.o,1700.0,2300.0,73.67306,0.97098,0.00014,85.52
o_b8hcp-caseSC-c1700-r74_64-d2o96_8-v2400.o,1700.0,2400.0,74.6378,0.97614,0.00016,85.87
o_b8hcp-caseSC-c1700-r75_58-d2o96_8-v2500.o,1700.0,2500.0,75.57821,0.98129,0.00016,86.21
o_b8hcp-caseSC-c1700-r76_50-d2o96_8-v2600.o,1700.0,2600.0,76.49579,0.98553,0.00013,86.51
o_b8hcp-caseSC-c1700-r77_39-d2o96_8-v2700.o,1700.0,2700.0,77.39187,0.98983,0.00015,86.78
o_b8hcp-caseSC-c1700-r78_27-d2o96_8-v2800.o,1700.0,2800.0,78.26767,0.99342,0.00016,87.04
o_b8hcp-caseSC-c1700-r79_12-d2o96_8-v2900.o,1700.0,2900.0,79.12429,0.99655,0.00014,87.26
o_b8hcp-caseSC-c1700-r79_96-d2o96_8-v3000.o,1700.0,3000.0,79.96276,0.99935,0.00016,87.49
o_b8hcp-caseSC-c1700-r80_78-d2o96_8-v3100.o,1700.0,3100.0,80.784,1.00143,0.00016,87.68
o_b8hcp-caseSC-c1700-r81_59-d2o96_8-v3200.o,1700.0,3200.0,81.58887,1.00428,0.00015,87.89
o_b8hcp-caseSC-c1700-r82_38-d2o96_8-v3300.o,1700.0,3300.0,82.37817,1.00616,0.00018,88.06
o_b8hcp-caseSC-c1700-r83_15-d2o96_8-v3400.o,1700.0,3400.0,83.15263,1.00778,0.00017,88.24
o_b8hcp-caseSC-c1700-r83_91-d2o96_8-v3500.o,1700.0,3500.0,83.91293,1.00931,0.00014,88.38
o_b8hcp-caseSC-c1700-r84_66-d2o96_8-v3600.o,1700.0,3600.0,84.65969,1.01102,0.00015,88.53
o_b8hcp-caseSC-c1700-r85_39-d2o96_8-v3700.o,1700.0,3700.0,85.3935,1.01174,0.00016,88.69
o_b8hcp-caseSC-c1700-r86_11-d2o96_8-v3800.o,1700.0,3800.0,86.11492,1.01294,0.00016,88.8
o_b8hcp-caseSC-c1700-r87_52-d2o96_8-v4000.o,1700.0,4000.0,87.52256,1.01406,0.00014,89.04
o_b8hcp-caseSC-c1700-r88_21-d2o96_8-v4100.o,1700.0,4100.0,88.20971,1.01488,0.00015,89.14
o_b8hcp-caseSC-c1700-r88_89-d2o96_8-v4200.o,1700.0,4200.0,88.88632,1.01484,0.00015,89.24
o_b8hcp-caseSC-c1725-r60_85-d2o96_8-v1200.o,1725.0,1200.0,60.84937,0.85205,0.00017,77.6
o_b8hcp-caseSC-c1725-r63_59-d2o96_8-v1400.o,1725.0,1400.0,63.58972,0.88578,0.00017,79.93
o_b8hcp-caseSC-c1725-r68_46-d2o96_8-v1800.o,1725.0,1800.0,68.45575,0.93442,0.00016,83.1
o_b8hcp-caseSC-c1725-r70_65-d2o96_8-v2000.o,1725.0,2000.0,70.64891,0.95166,0.00015,84.23
o_b8hcp-caseSC-c1725-r71_70-d2o96_8-v2100.o,1725.0,2100.0,71.6962,0.95929,0.00017,84.7
o_b8hcp-caseSC-c1725-r72_71-d2o96_8-v2200.o,1725.0,2200.0,72.71375,0.96618,0.00015,85.13
o_b8hcp-caseSC-c1725-r73_70-d2o96_8-v2300.o,1725.0,2300.0,73.7036,0.97177,0.00016,85.53
o_b8hcp-caseSC-c1725-r74_67-d2o96_8-v2400.o,1725.0,2400.0,74.66754,0.97722,0.00017,85.87
o_b8hcp-caseSC-c1725-r75_61-d2o96_8-v2500.o,1725.0,2500.0,75.60723,0.98201,0.00017,86.21
o_b8hcp-caseSC-c1725-r76_52-d2o96_8-v2600.o,1725.0,2600.0,76.52411,0.98635,0.00017,86.51
o_b8hcp-caseSC-c1725-r77_42-d2o96_8-v2700.o,1725.0,2700.0,77.41954,0.99056,0.00015,86.78
o_b8hcp-caseSC-c1725-r78_29-d2o96_8-v2800.o,1725.0,2800.0,78.29472,0.99385,0.00016,87.03
o_b8hcp-caseSC-c1725-r79_15-d2o96_8-v2900.o,1725.0,2900.0,79.15076,0.99705,0.00016,87.27
o_b8hcp-caseSC-c1725-r79_99-d2o96_8-v3000.o,1725.0,3000.0,79.98868,0.99986,0.00017,87.49
o_b8hcp-caseSC-c1725-r80_81-d2o96_8-v3100.o,1725.0,3100.0,80.80939,1.00266,0.00016,87.69
o_b8hcp-caseSC-c1725-r81_61-d2o96_8-v3200.o,1725.0,3200.0,81.61377,1.00449,0.00017,87.89
o_b8hcp-caseSC-c1725-r82_40-d2o96_8-v3300.o,1725.0,3300.0,82.4026,1.0064,0.00016,88.06
o_b8hcp-caseSC-c1725-r83_18-d2o96_8-v3400.o,1725.0,3400.0,83.1766,1.00851,0.00016,88.22
o_b8hcp-caseSC-c1725-r83_94-d2o96_8-v3500.o,1725.0,3500.0,83.93646,1.01001,0.00015,88.38
o_b8hcp-caseSC-c1725-r84_68-d2o96_8-v3600.o,1725.0,3600.0,84.68281,1.01114,0.00014,88.53
o_b8hcp-caseSC-c1725-r85_42-d2o96_8-v3700.o,1725.0,3700.0,85.41623,1.01242,0.00016,88.67
o_b8hcp-caseSC-c1725-r86_14-d2o96_8-v3800.o,1725.0,3800.0,86.13727,1.01356,0.00016,88.79
o_b8hcp-caseSC-c1725-r87_54-d2o96_8-v4000.o,1725.0,4000.0,87.5442,1.01517,0.00013,89.03
o_b8hcp-caseSC-c1725-r88_23-d2o96_8-v4100.o,1725.0,4100.0,88.23102,1.01547,0.00014,89.15
o_b8hcp-caseSC-c1725-r88_91-d2o96_8-v4200.o,1725.0,4200.0,88.9073,1.01573,0.00015,89.25
o_b8hcp-caseSC-c1750-r60_89-d2o96_8-v1200.o,1750.0,1200.0,60.89412,0.85256,0.00018,77.52
o_b8hcp-caseSC-c1750-r63_63-d2o96_8-v1400.o,1750.0,1400.0,63.63069,0.88647,0.00015,79.88
o_b8hcp-caseSC-c1750-r68_49-d2o96_8-v1800.o,1750.0,1800.0,68.49111,0.93461,0.00015,83.07
o_b8hcp-caseSC-c1750-r70_68-d2o96_8-v2000.o,1750.0,2000.0,70.68211,0.9522,0.00016,84.2
o_b8hcp-caseSC-c1750-r71_73-d2o96_8-v2100.o,1750.0,2100.0,71.72843,0.95981,0.00015,84.65
o_b8hcp-caseSC-c1750-r72_75-d2o96_8-v2200.o,1750.0,2200.0,72.74509,0.96617,0.00012,85.11
o_b8hcp-caseSC-c1750-r73_73-d2o96_8-v2300.o,1750.0,2300.0,73.7341,0.97207,0.00015,85.49
o_b8hcp-caseSC-c1750-r74_70-d2o96_8-v2400.o,1750.0,2400.0,74.69727,0.97784,0.00015,85.88
o_b8hcp-caseSC-c1750-r75_64-d2o96_8-v2500.o,1750.0,2500.0,75.63622,0.98296,0.00014,86.18
o_b8hcp-caseSC-c1750-r76_55-d2o96_8-v2600.o,1750.0,2600.0,76.55242,0.98705,0.00016,86.5
o_b8hcp-caseSC-c1750-r77_45-d2o96_8-v2700.o,1750.0,2700.0,77.44719,0.99072,0.00015,86.77
o_b8hcp-caseSC-c1750-r78_32-d2o96_8-v2800.o,1750.0,2800.0,78.32176,0.99463,0.00015,87.02
o_b8hcp-caseSC-c1750-r79_18-d2o96_8-v2900.o,1750.0,2900.0,79.17722,0.99803,0.00014,87.27
o_b8hcp-caseSC-c1750-r80_01-d2o96_8-v3000.o,1750.0,3000.0,80.01458,1.00074,0.00014,87.49
o_b8hcp-caseSC-c1750-r80_83-d2o96_8-v3100.o,1750.0,3100.0,80.83477,1.00291,0.00015,87.68
o_b8hcp-caseSC-c1750-r81_64-d2o96_8-v3200.o,1750.0,3200.0,81.63865,1.00572,0.00016,87.88
o_b8hcp-caseSC-c1750-r82_43-d2o96_8-v3300.o,1750.0,3300.0,82.427,1.00737,0.00016,88.07
o_b8hcp-caseSC-c1750-r83_20-d2o96_8-v3400.o,1750.0,3400.0,83.20056,1.00932,0.00018,88.23
o_b8hcp-caseSC-c1750-r83_96-d2o96_8-v3500.o,1750.0,3500.0,83.95999,1.01049,0.00014,88.37
o_b8hcp-caseSC-c1750-r84_71-d2o96_8-v3600.o,1750.0,3600.0,84.70592,1.01202,0.00015,88.53
o_b8hcp-caseSC-c1750-r85_44-d2o96_8-v3700.o,1750.0,3700.0,85.43895,1.01331,0.00014,88.66
o_b8hcp-caseSC-c1750-r86_16-d2o96_8-v3800.o,1750.0,3800.0,86.15961,1.01397,0.00014,88.78
o_b8hcp-caseSC-c1750-r87_57-d2o96_8-v4000.o,1750.0,4000.0,87.56582,1.01555,0.00017,89.03
o_b8hcp-caseSC-c1750-r88_25-d2o96_8-v4100.o,1750.0,4100.0,88.25231,1.01612,0.00015,89.14
o_b8hcp-caseSC-c1750-r88_93-d2o96_8-v4200.o,1750.0,4200.0,88.92827,1.01652,0.00016,89.24
o_b8hcp-caseSC-c1775-r60_94-d2o96_8-v1200.o,1775.0,1200.0,60.93879,0.85259,0.00016,77.49
o_b8hcp-caseSC-c1775-r63_67-d2o96_8-v1400.o,1775.0,1400.0,63.67161,0.88629,0.00014,79.85
o_b8hcp-caseSC-c1775-r68_53-d2o96_8-v1800.o,1775.0,1800.0,68.52644,0.93519,0.00018,83.08
o_b8hcp-caseSC-c1775-r70_72-d2o96_8-v2000.o,1775.0,2000.0,70.71528,0.95271,0.00016,84.18
o_b8hcp-caseSC-c1775-r71_76-d2o96_8-v2100.o,1775.0,2100.0,71.76064,0.96028,0.00018,84.65
o_b8hcp-caseSC-c1775-r72_78-d2o96_8-v2200.o,1775.0,2200.0,72.77641,0.96653,0.00015,85.09
o_b8hcp-caseSC-c1775-r73_76-d2o96_8-v2300.o,1775.0,2300.0,73.76458,0.97234,0.00015,85.48
o_b8hcp-caseSC-c1775-r74_73-d2o96_8-v2400.o,1775.0,2400.0,74.72697,0.97801,0.00015,85.84
o_b8hcp-caseSC-c1775-r75_67-d2o96_8-v2500.o,1775.0,2500.0,75.66519,0.98291,0.00015,86.17
o_b8hcp-caseSC-c1775-r76_58-d2o96_8-v2600.o,1775.0,2600.0,76.58069,0.98746,0.00016,86.48
o_b8hcp-caseSC-c1775-r77_47-d2o96_8-v2700.o,1775.0,2700.0,77.47482,0.99136,0.00017,86.76
o_b8hcp-caseSC-c1775-r78_35-d2o96_8-v2800.o,1775.0,2800.0,78.34877,0.99511,0.00014,86.99
o_b8hcp-caseSC-c1775-r79_20-d2o96_8-v2900.o,1775.0,2900.0,79.20365,0.998,0.00014,87.24
o_b8hcp-caseSC-c1775-r80_04-d2o96_8-v3000.o,1775.0,3000.0,80.04047,1.00105,0.00015,87.48
o_b8hcp-caseSC-c1775-r80_86-d2o96_8-v3100.o,1775.0,3100.0,80.86014,1.00362,0.00014,87.68
o_b8hcp-caseSC-c1775-r81_66-d2o96_8-v3200.o,1775.0,3200.0,81.66352,1.00556,0.00015,87.85
o_b8hcp-caseSC-c1775-r82_45-d2o96_8-v3300.o,1775.0,3300.0,82.4514,1.00798,0.00017,88.06
o_b8hcp-caseSC-c1775-r83_22-d2o96_8-v3400.o,1775.0,3400.0,83.2245,1.00963,0.00017,88.22
o_b8hcp-caseSC-c1775-r83_98-d2o96_8-v3500.o,1775.0,3500.0,83.9835,1.01124,0.00016,88.37
o_b8hcp-caseSC-c1775-r84_73-d2o96_8-v3600.o,1775.0,3600.0,84.72902,1.01248,0.00015,88.53
o_b8hcp-caseSC-c1775-r85_46-d2o96_8-v3700.o,1775.0,3700.0,85.46165,1.01349,0.00015,88.67
o_b8hcp-caseSC-c1775-r86_18-d2o96_8-v3800.o,1775.0,3800.0,86.18193,1.01455,0.00016,88.77
o_b8hcp-caseSC-c1775-r87_59-d2o96_8-v4000.o,1775.0,4000.0,87.58744,1.01626,0.00013,89.02
o_b8hcp-caseSC-c1775-r88_27-d2o96_8-v4100.o,1775.0,4100.0,88.27359,1.017,0.00014,89.12
o_b8hcp-caseSC-c1775-r88_95-d2o96_8-v4200.o,1775.0,4200.0,88.94923,1.01669,0.00013,89.23
o_b8hcp-caseSC-c1800-r60_98-d2o96_8-v1200.o,1800.0,1200.0,60.9834,0.85233,0.00017,77.4
o_b8hcp-caseSC-c1800-r63_71-d2o96_8-v1400.o,1800.0,1400.0,63.71248,0.88668,0.00017,79.8
o_b8hcp-caseSC-c1800-r68_56-d2o96_8-v1800.o,1800.0,1800.0,68.56172,0.93569,0.00018,83.01
o_b8hcp-caseSC-c1800-r70_75-d2o96_8-v2000.o,1800.0,2000.0,70.74842,0.95299,0.00014,84.14
o_b8hcp-caseSC-c1800-r71_79-d2o96_8-v2100.o,1800.0,2100.0,71.79282,0.96024,0.00016,84.61
o_b8hcp-caseSC-c1800-r72_81-d2o96_8-v2200.o,1800.0,2200.0,72.8077,0.96703,0.00015,85.05
o_b8hcp-caseSC-c1800-r73_80-d2o96_8-v2300.o,1800.0,2300.0,73.79504,0.97276,0.00015,85.45
o_b8hcp-caseSC-c1800-r74_76-d2o96_8-v2400.o,1800.0,2400.0,74.75665,0.97861,0.00016,85.81
o_b8hcp-caseSC-c1800-r75_69-d2o96_8-v2500.o,1800.0,2500.0,75.69413,0.98328,0.00014,86.14
o_b8hcp-caseSC-c1800-r76_61-d2o96_8-v2600.o,1800.0,2600.0,76.60895,0.98779,0.00016,86.46
o_b8hcp-caseSC-c1800-r77_50-d2o96_8-v2700.o,1800.0,2700.0,77.50243,0.99196,0.00016,86.74
o_b8hcp-caseSC-c1800-r78_38-d2o96_8-v2800.o,1800.0,2800.0,78.37577,0.99524,0.00016,87.0
o_b8hcp-caseSC-c1800-r79_23-d2o96_8-v2900.o,1800.0,2900.0,79.23007,0.99884,0.00015,87.22
o_b8hcp-caseSC-c1800-r80_07-d2o96_8-v3000.o,1800.0,3000.0,80.06634,1.00174,0.00015,87.45
o_b8hcp-caseSC-c1800-r80_89-d2o96_8-v3100.o,1800.0,3100.0,80.88548,1.00389,0.00015,87.66
o_b8hcp-caseSC-c1800-r81_69-d2o96_8-v3200.o,1800.0,3200.0,81.68837,1.00615,0.00016,87.86
o_b8hcp-caseSC-c1800-r82_48-d2o96_8-v3300.o,1800.0,3300.0,82.47578,1.00842,0.00014,88.04
o_b8hcp-caseSC-c1800-r83_25-d2o96_8-v3400.o,1800.0,3400.0,83.24843,1.00988,0.00015,88.19
o_b8hcp-caseSC-c1800-r84_01-d2o96_8-v3500.o,1800.0,3500.0,84.007,1.0117,0.00015,88.36
o_b8hcp-caseSC-c1800-r84_75-d2o96_8-v3600.o,1800.0,3600.0,84.75211,1.0132,0.00017,88.5
o_b8hcp-caseSC-c1800-r85_48-d2o96_8-v3700.o,1800.0,3700.0,85.48435,1.01423,0.00016,88.64
o_b8hcp-caseSC-c1800-r86_20-d2o96_8-v3800.o,1800.0,3800.0,86.20425,1.01494,0.00015,88.77
o_b8hcp-caseSC-c1800-r87_61-d2o96_8-v4000.o,1800.0,4000.0,87.60905,1.01676,0.00015,89.01
o_b8hcp-caseSC-c1800-r88_29-d2o96_8-v4100.o,1800.0,4100.0,88.29486,1.01748,0.00015,89.13
o_b8hcp-caseSC-c1800-r88_97-d2o96_8-v4200.o,1800.0,4200.0,88.97018,1.0173,0.00014,89.22
o_b8hcp-caseSC-c1900-r89_05-d2o96_8-v4200.o,1900.0,4200.0,89.05388,1.01679,0.00016,88.65
o_b8hcp-caseSC-c2000-r61_34-d2o96_8-v1200.o,2000.0,1200.0,61.33797,0.8156,0.00017,74.51
o_b8hcp-caseSC-c2000-r64_04-d2o96_8-v1400.o,2000.0,1400.0,64.03755,0.85197,0.00016,77.23
o_b8hcp-caseSC-c2000-r66_53-d2o96_8-v1600.o,2000.0,1600.0,66.5269,0.88204,0.00016,79.28
o_b8hcp-caseSC-c2000-r68_84-d2o96_8-v1800.o,2000.0,1800.0,68.84272,0.90687,0.00016,80.98
o_b8hcp-caseSC-c2000-r71_01-d2o96_8-v2000.o,2000.0,2000.0,71.0124,0.92725,0.00013,82.32
o_b8hcp-caseSC-c2000-r72_05-d2o96_8-v2100.o,2000.0,2100.0,72.04923,0.93612,0.00017,82.89
o_b8hcp-caseSC-c2000-r73_06-d2o96_8-v2200.o,2000.0,2200.0,73.05704,0.94439,0.00016,83.39
o_b8hcp-caseSC-c2000-r74_04-d2o96_8-v2300.o,2000.0,2300.0,74.03779,0.95174,0.00015,83.86
o_b8hcp-caseSC-c2000-r74_99-d2o96_8-v2400.o,2000.0,2400.0,74.99322,0.95894,0.00018,84.32
o_b8hcp-caseSC-c2000-r75_92-d2o96_8-v2500.o,2000.0,2500.0,75.92491,0.96512,0.00016,84.72
o_b8hcp-caseSC-c2000-r76_83-d2o96_8-v2600.o,2000.0,2600.0,76.83427,0.97081,0.00017,85.08
o_b8hcp-caseSC-c2000-r77_72-d2o96_8-v2700.o,2000.0,2700.0,77.72261,0.97618,0.00017,85.41
o_b8hcp-caseSC-c2000-r78_59-d2o96_8-v2800.o,2000.0,2800.0,78.59109,0.98063,0.00015,85.72
o_b8hcp-caseSC-c2000-r79_44-d2o96_8-v2900.o,2000.0,2900.0,79.44079,0.9855,0.00017,86.01
o_b8hcp-caseSC-c2000-r80_27-d2o96_8-v3000.o,2000.0,3000.0,80.27269,0.98945,0.00017,86.28
o_b8hcp-caseSC-c2000-r81_09-d2o96_8-v3100.o,2000.0,3100.0,81.0877,0.99299,0.00015,86.54
o_b8hcp-caseSC-c2000-r81_89-d2o96_8-v3200.o,2000.0,3200.0,81.88664,0.99648,0.00015,86.78
o_b8hcp-caseSC-c2000-r82_67-d2o96_8-v3300.o,2000.0,3300.0,82.6703,0.99958,0.00016,86.98
o_b8hcp-caseSC-c2000-r83_44-d2o96_8-v3400.o,2000.0,3400.0,83.43937,1.00241,0.00018,87.2
o_b8hcp-caseSC-c2000-r84_19-d2o96_8-v3500.o,2000.0,3500.0,84.19452,1.00503,0.00014,87.39
o_b8hcp-caseSC-c2000-r84_94-d2o96_8-v3600.o,2000.0,3600.0,84.93636,1.00743,0.00017,87.57
o_b8hcp-caseSC-c2000-r85_67-d2o96_8-v3700.o,2000.0,3700.0,85.66546,1.00961,0.00016,87.74
o_b8hcp-caseSC-c2000-r86_38-d2o96_8-v3800.o,2000.0,3800.0,86.38236,1.01131,0.00015,87.9
o_b8hcp-caseSC-c2000-r87_78-d2o96_8-v4000.o,2000.0,4000.0,87.7815,1.01446,0.00013,88.19
o_b8hcp-caseSC-c2000-r88_46-d2o96_8-v4100.o,2000.0,4100.0,88.46466,1.01602,0.00016,88.32
o_b8hcp-caseSC-c2000-r89_14-d2o96_8-v4200.o,2000.0,4200.0,89.13742,1.01751,0.00014,88.46
o_b8hcp-caseSC-c2100-r61_51-d2o96_8-v1200.o,2100.0,1200.0,61.51372,0.81369,0.00013,74.15
o_b8hcp-caseSC-c2100-r64_20-d2o96_8-v1400.o,2100.0,1400.0,64.19885,0.85087,0.00015,76.94
o_b8hcp-caseSC-c2100-r66_68-d2o96_8-v1600.o,2100.0,1600.0,66.6764,0.88138,0.00016,79.07
o_b8hcp-caseSC-c2100-r68_98-d2o96_8-v1800.o,2100.0,1800.0,68.98236,0.90623,0.00017,80.74
o_b8hcp-caseSC-c2100-r71_14-d2o96_8-v2000.o,2100.0,2000.0,71.14367,0.92714,0.00016,82.12
o_b8hcp-caseSC-c2100-r72_18-d2o96_8-v2100.o,2100.0,2100.0,72.17675,0.93644,0.00014,82.71
o_b8hcp-caseSC-c2100-r73_18-d2o96_8-v2200.o,2100.0,2200.0,73.18108,0.94506,0.00017,83.24
o_b8hcp-caseSC-c2100-r74_16-d2o96_8-v2300.o,2100.0,2300.0,74.15857,0.95223,0.00017,83.71
o_b8hcp-caseSC-c2100-r75_11-d2o96_8-v2400.o,2100.0,2400.0,75.11095,0.95943,0.00017,84.17
o_b8hcp-caseSC-c2100-r76_04-d2o96_8-v2500.o,2100.0,2500.0,76.03977,0.9656,0.00018,84.55
o_b8hcp-caseSC-c2100-r76_95-d2o96_8-v2600.o,2100.0,2600.0,76.94644,0.97109,0.00016,84.93
o_b8hcp-caseSC-c2100-r77_83-d2o96_8-v2700.o,2100.0,2700.0,77.83223,0.97698,0.00015,85.27
o_b8hcp-caseSC-c2100-r78_70-d2o96_8-v2800.o,2100.0,2800.0,78.69831,0.98177,0.00016,85.59
o_b8hcp-caseSC-c2100-r79_55-d2o96_8-v2900.o,2100.0,2900.0,79.54573,0.98643,0.00015,85.89
o_b8hcp-caseSC-c2100-r80_38-d2o96_8-v3000.o,2100.0,3000.0,80.37547,0.99012,0.00016,86.16
o_b8hcp-caseSC-c2100-r81_19-d2o96_8-v3100.o,2100.0,3100.0,81.18843,0.99433,0.00016,86.43
o_b8hcp-caseSC-c2100-r81_99-d2o96_8-v3200.o,2100.0,3200.0,81.98542,0.99752,0.00014,86.67
o_b8hcp-caseSC-c2100-r82_77-d2o96_8-v3300.o,2100.0,3300.0,82.76721,1.00105,0.00014,86.89
o_b8hcp-caseSC-c2100-r83_53-d2o96_8-v3400.o,2100.0,3400.0,83.53451,1.00378,0.00015,87.1
o_b8hcp-caseSC-c2100-r84_29-d2o96_8-v3500.o,2100.0,3500.0,84.28796,1.00663,0.00013,87.29
o_b8hcp-caseSC-c2100-r85_03-d2o96_8-v3600.o,2100.0,3600.0,85.02818,1.00867,0.00017,87.48
o_b8hcp-caseSC-c2100-r85_76-d2o96_8-v3700.o,2100.0,3700.0,85.75573,1.01095,0.00016,87.66
o_b8hcp-caseSC-c2100-r86_47-d2o96_8-v3800.o,2100.0,3800.0,86.47114,1.01335,0.00015,87.82
o_b8hcp-caseSC-c2100-r87_87-d2o96_8-v4000.o,2100.0,4000.0,87.86748,1.01647,0.00014,88.12
o_b8hcp-caseSC-c2100-r88_55-d2o96_8-v4100.o,2100.0,4100.0,88.54931,1.01809,0.00013,88.27
o_b8hcp-caseSC-c2100-r89_22-d2o96_8-v4200.o,2100.0,4200.0,89.2208,1.01938,0.00014,88.39
o_b8hcp-caseSC-c2200-r61_69-d2o96_8-v1200.o,2200.0,1200.0,61.68848,0.77915,0.00017,71.42
o_b8hcp-caseSC-c2200-r64_36-d2o96_8-v1400.o,2200.0,1400.0,64.35935,0.8167,0.00017,74.41
o_b8hcp-caseSC-c2200-r66_83-d2o96_8-v1600.o,2200.0,1600.0,66.82523,0.84864,0.00015,76.77
o_b8hcp-caseSC-c2200-r69_12-d2o96_8-v1800.o,2200.0,1800.0,69.12143,0.87584,0.00015,78.69
o_b8hcp-caseSC-c2200-r71_27-d2o96_8-v2000.o,2200.0,2000.0,71.27444,0.8987,0.00015,80.23
o_b8hcp-caseSC-c2200-r72_30-d2o96_8-v2100.o,2200.0,2100.0,72.30382,0.90891,0.00016,80.91
o_b8hcp-caseSC-c2200-r73_30-d2o96_8-v2200.o,2200.0,2200.0,73.30469,0.91819,0.00015,81.52
o_b8hcp-caseSC-c2200-r74_28-d2o96_8-v2300.o,2200.0,2300.0,74.27896,0.92695,0.00015,82.09
o_b8hcp-caseSC-c2200-r75_23-d2o96_8-v2400.o,2200.0,2400.0,75.22831,0.93516,0.00016,82.59
o_b8hcp-caseSC-c2200-r76_15-d2o96_8-v2500.o,2200.0,2500.0,76.15429,0.94232,0.00015,83.06
o_b8hcp-caseSC-c2200-r77_06-d2o96_8-v2600.o,2200.0,2600.0,77.05828,0.94938,0.00016,83.5
o_b8hcp-caseSC-c2200-r77_94-d2o96_8-v2700.o,2200.0,2700.0,77.94155,0.95546,0.00016,83.91
o_b8hcp-caseSC-c2200-r78_81-d2o96_8-v2800.o,2200.0,2800.0,78.80524,0.96195,0.00016,84.3
o_b8hcp-caseSC-c2200-r79_65-d2o96_8-v2900.o,2200.0,2900.0,79.6504,0.9671,0.00016,84.62
o_b8hcp-caseSC-c2200-r80_48-d2o96_8-v3000.o,2200.0,3000.0,80.47799,0.97225,0.00019,84.96
o_b8hcp-caseSC-c2200-r81_29-d2o96_8-v3100.o,2200.0,3100.0,81.28891,0.97707,0.00015,85.23
o_b8hcp-caseSC-c2200-r82_08-d2o96_8-v3200.o,2200.0,3200.0,82.08396,0.98109,0.00013,85.54
o_b8hcp-caseSC-c2200-r82_86-d2o96_8-v3300.o,2200.0,3300.0,82.8639,0.98571,0.00018,85.8
o_b8hcp-caseSC-c2200-r83_63-d2o96_8-v3400.o,2200.0,3400.0,83.62943,0.98903,0.00015,86.04
o_b8hcp-caseSC-c2200-r84_38-d2o96_8-v3500.o,2200.0,3500.0,84.3812,0.99264,0.00013,86.27
o_b8hcp-caseSC-c2200-r85_12-d2o96_8-v3600.o,2200.0,3600.0,85.1198,0.99644,0.00014,86.5
o_b8hcp-caseSC-c2200-r85_85-d2o96_8-v3700.o,2200.0,3700.0,85.84581,0.99877,0.00014,86.7
o_b8hcp-caseSC-c2200-r86_56-d2o96_8-v3800.o,2200.0,3800.0,86.55973,1.0019,0.00013,86.9
o_b8hcp-caseSC-c2200-r87_95-d2o96_8-v4000.o,2200.0,4000.0,87.95329,1.0071,0.00016,87.26
o_b8hcp-caseSC-c2200-r88_63-d2o96_8-v4100.o,2200.0,4100.0,88.63381,1.00917,0.00016,87.42
o_b8hcp-caseSC-c2200-r89_30-d2o96_8-v4200.o,2200.0,4200.0,89.30403,1.01114,0.00014,87.57
o_b8hcp-caseSC-c500-r58_57-d2o96_8-v1200.o,500.0,1200.0,58.57116,0.92195,0.00016,87.43
o_b8hcp-caseSC-c500-r61_51-d2o96_8-v1400.o,500.0,1400.0,61.51372,0.92757,0.00018,88.21
o_b8hcp-caseSC-c500-r66_68-d2o96_8-v1800.o,500.0,1800.0,66.6764,0.92791,0.00015,89.18
o_b8hcp-caseSC-c500-r68_98-d2o96_8-v2000.o,500.0,2000.0,68.98236,0.92474,0.00016,89.49
o_b8hcp-caseSC-c500-r70_08-d2o96_8-v2100.o,500.0,2100.0,70.07968,0.9224,0.00017,89.62
o_b8hcp-caseSC-c500-r71_14-d2o96_8-v2200.o,500.0,2200.0,71.14367,0.91934,0.00015,89.72
o_b8hcp-caseSC-c500-r72_18-d2o96_8-v2300.o,500.0,2300.0,72.17675,0.9169,0.00016,89.81
o_b8hcp-caseSC-c500-r73_18-d2o96_8-v2400.o,500.0,2400.0,73.18108,0.91417,0.00019,89.89
o_b8hcp-caseSC-c500-r74_16-d2o96_8-v2500.o,500.0,2500.0,74.15857,0.91035,0.00017,89.96
o_b8hcp-caseSC-c500-r75_11-d2o96_8-v2600.o,500.0,2600.0,75.11095,0.90667,0.00016,90.02
o_b8hcp-caseSC-c500-r76_04-d2o96_8-v2700.o,500.0,2700.0,76.03977,0.90353,0.00017,90.08
o_b8hcp-caseSC-c500-r76_95-d2o96_8-v2800.o,500.0,2800.0,76.94644,0.89992,0.00017,90.12
o_b8hcp-caseSC-c500-r77_83-d2o96_8-v2900.o,500.0,2900.0,77.83223,0.89628,0.00016,90.16
o_b8hcp-caseSC-c500-r78_70-d2o96_8-v3000.o,500.0,3000.0,78.69831,0.8924,0.00018,90.19
o_b8hcp-caseSC-c500-r79_55-d2o96_8-v3100.o,500.0,3100.0,79.54573,0.88867,0.00015,90.23
o_b8hcp-caseSC-c500-r80_38-d2o96_8-v3200.o,500.0,3200.0,80.37547,0.88458,0.00015,90.23
o_b8hcp-caseSC-c500-r81_19-d2o96_8-v3300.o,500.0,3300.0,81.18843,0.88102,0.00015,90.26
o_b8hcp-caseSC-c500-r81_99-d2o96_8-v3400.o,500.0,3400.0,81.98542,0.87662,0.00016,90.28
o_b8hcp-caseSC-c500-r82_77-d2o96_8-v3500.o,500.0,3500.0,82.76721,0.87286,0.00016,90.29
o_b8hcp-caseSC-c500-r83_53-d2o96_8-v3600.o,500.0,3600.0,83.53451,0.86858,0.00016,90.3
o_b8hcp-caseSC-c500-r84_29-d2o96_8-v3700.o,500.0,3700.0,84.28796,0.86476,0.00016,90.3
o_b8hcp-caseSC-c500-r85_03-d2o96_8-v3800.o,500.0,3800.0,85.02818,0.86103,0.00015,90.31
o_b8hcp-caseSC-c500-r86_47-d2o96_8-v4000.o,500.0,4000.0,86.47114,0.8529,0.00017,90.31
o_b8hcp-caseSC-c500-r87_17-d2o96_8-v4100.o,500.0,4100.0,87.1749,0.849,0.00014,90.3
o_b8hcp-caseSC-c500-r87_87-d2o96_8-v4200.o,500.0,4200.0,87.86748,0.84512,0.00018,90.29
o_b8hcp-caseSC-c550-r58_67-d2o96_8-v1200.o,550.0,1200.0,58.66765,0.92804,0.00018,87.32
o_b8hcp-caseSC-c550-r61_60-d2o96_8-v1400.o,550.0,1400.0,61.60122,0.93526,0.00014,88.12
o_b8hcp-caseSC-c550-r66_75-d2o96_8-v1800.o,550.0,1800.0,66.7509,0.93649,0.00016,89.14
o_b8hcp-caseSC-c550-r69_05-d2o96_8-v2000.o,550.0,2000.0,69.05197,0.9338,0.00018,89.46
o_b8hcp-caseSC-c550-r70_15-d2o96_8-v2100.o,550.0,2100.0,70.14712,0.93168,0.00015,89.59
o_b8hcp-caseSC-c550-r71_21-d2o96_8-v2200.o,550.0,2200.0,71.20912,0.92965,0.00015,89.71
o_b8hcp-caseSC-c550-r72_24-d2o96_8-v2300.o,550.0,2300.0,72.24034,0.92737,0.00017,89.82
o_b8hcp-caseSC-c550-r73_24-d2o96_8-v2400.o,550.0,2400.0,73.24294,0.92425,0.00014,89.89
o_b8hcp-caseSC-c550-r74_22-d2o96_8-v2500.o,550.0,2500.0,74.21881,0.92144,0.00016,89.97
o_b8hcp-caseSC-c550-r75_17-d2o96_8-v2600.o,550.0,2600.0,75.16968,0.91823,0.00015,90.04
o_b8hcp-caseSC-c550-r76_10-d2o96_8-v2700.o,550.0,2700.0,76.09707,0.9145,0.00015,90.09
o_b8hcp-caseSC-c550-r77_00-d2o96_8-v2800.o,550.0,2800.0,77.0024,0.91106,0.00014,90.14
o_b8hcp-caseSC-c550-r77_89-d2o96_8-v2900.o,550.0,2900.0,77.88693,0.90748,0.00017,90.2
o_b8hcp-caseSC-c550-r78_75-d2o96_8-v3000.o,550.0,3000.0,78.75181,0.90392,0.00017,90.23
o_b8hcp-caseSC-c550-r79_60-d2o96_8-v3100.o,550.0,3100.0,79.5981,0.90031,0.00015,90.26
o_b8hcp-caseSC-c550-r80_43-d2o96_8-v3200.o,550.0,3200.0,80.42677,0.89643,0.00014,90.3
o_b8hcp-caseSC-c550-r81_24-d2o96_8-v3300.o,550.0,3300.0,81.2387,0.89298,0.00019,90.32
o_b8hcp-caseSC-c550-r82_03-d2o96_8-v3400.o,550.0,3400.0,82.03472,0.88883,0.00017,90.33
o_b8hcp-caseSC-c550-r82_82-d2o96_8-v3500.o,550.0,3500.0,82.81559,0.88497,0.00016,90.35
o_b8hcp-caseSC-c550-r83_58-d2o96_8-v3600.o,550.0,3600.0,83.582,0.88084,0.00016,90.37
o_b8hcp-caseSC-c550-r84_33-d2o96_8-v3700.o,550.0,3700.0,84.33461,0.87696,0.00014,90.38
o_b8hcp-caseSC-c550-r85_07-d2o96_8-v3800.o,550.0,3800.0,85.07402,0.87337,0.00017,90.37
o_b8hcp-caseSC-c550-r86_52-d2o96_8-v4000.o,550.0,4000.0,86.51546,0.86516,0.00016,90.38
o_b8hcp-caseSC-c550-r87_22-d2o96_8-v4100.o,550.0,4100.0,87.21851,0.86143,0.00017,90.38
o_b8hcp-caseSC-c550-r87_91-d2o96_8-v4200.o,550.0,4200.0,87.91041,0.85714,0.00017,90.36
o_b8hcp-caseSC-c600-r58_76-d2o96_8-v1200.o,600.0,1200.0,58.76383,0.93416,0.00015,87.25
o_b8hcp-caseSC-c600-r61_69-d2o96_8-v1400.o,600.0,1400.0,61.68848,0.9418,0.00017,88.09
o_b8hcp-caseSC-c600-r66_83-d2o96_8-v1800.o,600.0,1800.0,66.82523,0.94454,0.00015,89.13
o_b8hcp-caseSC-c600-r69_12-d2o96_8-v2000.o,600.0,2000.0,69.12143,0.94217,0.00016,89.47
o_b8hcp-caseSC-c600-r70_21-d2o96_8-v2100.o,600.0,2100.0,70.21444,0.94058,0.00016,89.61
o_b8hcp-caseSC-c600-r71_27-d2o96_8-v2200.o,600.0,2200.0,71.27444,0.93797,0.00017,89.71
o_b8hcp-caseSC-c600-r72_30-d2o96_8-v2300.o,600.0,2300.0,72.30382,0.93595,0.00015,89.81
o_b8hcp-caseSC-c600-r73_30-d2o96_8-v2400.o,600.0,2400.0,73.30469,0.93277,0.00017,89.92
o_b8hcp-caseSC-c600-r74_28-d2o96_8-v2500.o,600.0,2500.0,74.27896,0.93007,0.00014,89.99
o_b8hcp-caseSC-c600-r75_23-d2o96_8-v2600.o,600.0,2600.0,75.22831,0.92688,0.00016,90.06
o_b8hcp-caseSC-c600-r76_15-d2o96_8-v2700.o,600.0,2700.0,76.15429,0.92417,0.00017,90.14
o_b8hcp-caseSC-c600-r77_06-d2o96_8-v2800.o,600.0,2800.0,77.05828,0.9207,0.00014,90.18
o_b8hcp-caseSC-c600-r77_94-d2o96_8-v2900.o,600.0,2900.0,77.94155,0.91684,0.00015,90.23
o_b8hcp-caseSC-c600-r78_81-d2o96_8-v3000.o,600.0,3000.0,78.80524,0.91343,0.00016,90.27
o_b8hcp-caseSC-c600-r79_65-d2o96_8-v3100.o,600.0,3100.0,79.6504,0.90993,0.00015,90.31
o_b8hcp-caseSC-c600-r80_48-d2o96_8-v3200.o,600.0,3200.0,80.47799,0.90649,0.00016,90.34
o_b8hcp-caseSC-c600-r81_29-d2o96_8-v3300.o,600.0,3300.0,81.28891,0.90268,0.00014,90.36
o_b8hcp-caseSC-c600-r82_08-d2o96_8-v3400.o,600.0,3400.0,82.08396,0.89903,0.00015,90.38
o_b8hcp-caseSC-c600-r82_86-d2o96_8-v3500.o,600.0,3500.0,82.8639,0.89515,0.00015,90.41
o_b8hcp-caseSC-c600-r83_63-d2o96_8-v3600.o,600.0,3600.0,83.62943,0.89137,0.00016,90.41
o_b8hcp-caseSC-c600-r84_38-d2o96_8-v3700.o,600.0,3700.0,84.3812,0.88769,0.00015,90.42
o_b8hcp-caseSC-c600-r85_12-d2o96_8-v3800.o,600.0,3800.0,85.1198,0.88398,0.00015,90.44
o_b8hcp-caseSC-c600-r86_56-d2o96_8-v4000.o,600.0,4000.0,86.55973,0.87606,0.00016,90.45
o_b8hcp-caseSC-c600-r87_26-d2o96_8-v4100.o,600.0,4100.0,87.26208,0.87235,0.00015,90.44
o_b8hcp-caseSC-c600-r87_95-d2o96_8-v4200.o,600.0,4200.0,87.95329,0.86797,0.00016,90.45
o_b8hcp-caseSC-c664-r58_89-d2o96_8-v1200.o,664.0,1200.0,58.88648,0.94136,0.00017,87.23
o_b8hcp-caseSC-c664-r61_80-d2o96_8-v1400.o,664.0,1400.0,61.7998,0.94914,0.00016,88.09
o_b8hcp-caseSC-c664-r66_92-d2o96_8-v1800.o,664.0,1800.0,66.92014,0.95225,0.00015,89.14
o_b8hcp-caseSC-c664-r69_21-d2o96_8-v2000.o,664.0,2000.0,69.21015,0.94954,0.00018,89.49
o_b8hcp-caseSC-c664-r70_30-d2o96_8-v2100.o,664.0,2100.0,70.30043,0.94824,0.00015,89.63
o_b8hcp-caseSC-c664-r71_36-d2o96_8-v2200.o,664.0,2200.0,71.35789,0.94598,0.00014,89.75
o_b8hcp-caseSC-c664-r72_38-d2o96_8-v2300.o,664.0,2300.0,72.38491,0.9437,0.00015,89.85
o_b8hcp-caseSC-c664-r73_38-d2o96_8-v2400.o,664.0,2400.0,73.38359,0.94095,0.00016,89.95
o_b8hcp-caseSC-c664-r74_36-d2o96_8-v2500.o,664.0,2500.0,74.3558,0.938,0.00015,90.03
o_b8hcp-caseSC-c664-r75_30-d2o96_8-v2600.o,664.0,2600.0,75.30323,0.935,0.00017,90.1
o_b8hcp-caseSC-c664-r76_23-d2o96_8-v2700.o,664.0,2700.0,76.2274,0.93197,0.00016,90.18
o_b8hcp-caseSC-c664-r77_13-d2o96_8-v2800.o,664.0,2800.0,77.12969,0.92817,0.00015,90.21
o_b8hcp-caseSC-c664-r78_01-d2o96_8-v2900.o,664.0,2900.0,78.01135,0.92503,0.00014,90.27
o_b8hcp-caseSC-c664-r78_87-d2o96_8-v3000.o,664.0,3000.0,78.87352,0.92139,0.00017,90.31
o_b8hcp-caseSC-c664-r79_72-d2o96_8-v3100.o,664.0,3100.0,79.71724,0.91753,0.00014,90.35
o_b8hcp-caseSC-c664-r80_54-d2o96_8-v3200.o,664.0,3200.0,80.54347,0.91407,0.00015,90.38
o_b8hcp-caseSC-c664-r81_35-d2o96_8-v3300.o,664.0,3300.0,81.35309,0.91028,0.00014,90.42
o_b8hcp-caseSC-c664-r82_15-d2o96_8-v3400.o,664.0,3400.0,82.1469,0.90668,0.00016,90.44
o_b8hcp-caseSC-c664-r82_93-d2o96_8-v3500.o,664.0,3500.0,82.92567,0.90278,0.00016,90.46
o_b8hcp-caseSC-c664-r83_69-d2o96_8-v3600.o,664.0,3600.0,83.69007,0.89881,0.00016,90.46
o_b8hcp-caseSC-c664-r84_44-d2o96_8-v3700.o,664.0,3700.0,84.44076,0.89527,0.00014,90.47
o_b8hcp-caseSC-c664-r85_18-d2o96_8-v3800.o,664.0,3800.0,85.17834,0.8914,0.00015,90.49
o_b8hcp-caseSC-c664-r86_62-d2o96_8-v4000.o,664.0,4000.0,86.61634,0.88371,0.00015,90.51
o_b8hcp-caseSC-c664-r87_32-d2o96_8-v4100.o,664.0,4100.0,87.31778,0.87962,0.00015,90.5
o_b8hcp-caseSC-c664-r88_01-d2o96_8-v4200.o,664.0,4200.0,88.00812,0.87579,0.00015,90.49
o_b8hcp-caseSC-c700-r58_96-d2o96_8-v1200.o,700.0,1200.0,58.95525,0.941,0.00017,86.89
o_b8hcp-caseSC-c700-r61_86-d2o96_8-v1400.o,700.0,1400.0,61.86225,0.95047,0.00018,87.8
o_b8hcp-caseSC-c700-r66_97-d2o96_8-v1800.o,700.0,1800.0,66.9734,0.95686,0.00015,88.97
o_b8hcp-caseSC-c700-r69_26-d2o96_8-v2000.o,700.0,2000.0,69.25996,0.95561,0.00015,89.34
o_b8hcp-caseSC-c700-r70_35-d2o96_8-v2100.o,700.0,2100.0,70.3487,0.9541,0.00017,89.5
o_b8hcp-caseSC-c700-r71_40-d2o96_8-v2200.o,700.0,2200.0,71.40475,0.95272,0.00015,89.63
o_b8hcp-caseSC-c700-r72_43-d2o96_8-v2300.o,700.0,2300.0,72.43045,0.95052,0.00015,89.73
o_b8hcp-caseSC-c700-r73_43-d2o96_8-v2400.o,700.0,2400.0,73.42789,0.94903,0.00014,89.86
o_b8hcp-caseSC-c700-r74_40-d2o96_8-v2500.o,700.0,2500.0,74.39895,0.94632,0.00016,89.94
o_b8hcp-caseSC-c700-r75_35-d2o96_8-v2600.o,700.0,2600.0,75.34531,0.94342,0.00015,90.03
o_b8hcp-caseSC-c700-r76_27-d2o96_8-v2700.o,700.0,2700.0,76.26846,0.9408,0.00017,90.1
o_b8hcp-caseSC-c700-r77_17-d2o96_8-v2800.o,700.0,2800.0,77.1698,0.93795,0.00015,90.17
o_b8hcp-caseSC-c700-r78_05-d2o96_8-v2900.o,700.0,2900.0,78.05056,0.93459,0.00016,90.21
o_b8hcp-caseSC-c700-r78_91-d2o96_8-v3000.o,700.0,3000.0,78.91188,0.93146,0.00015,90.27
o_b8hcp-caseSC-c700-r79_75-d2o96_8-v3100.o,700.0,3100.0,79.75479,0.92844,0.00015,90.31
o_b8hcp-caseSC-c700-r80_58-d2o96_8-v3200.o,700.0,3200.0,80.58025,0.92472,0.00016,90.35
o_b8hcp-caseSC-c700-r81_39-d2o96_8-v3300.o,700.0,3300.0,81.38914,0.92196,0.00015,90.4
o_b8hcp-caseSC-c700-r82_18-d2o96_8-v3400.o,700.0,3400.0,82.18227,0.91818,0.00015,90.41
o_b8hcp-caseSC-c700-r82_96-d2o96_8-v3500.o,700.0,3500.0,82.96037,0.9145,0.00014,90.45
o_b8hcp-caseSC-c700-r83_72-d2o96_8-v3600.o,700.0,3600.0,83.72414,0.91113,0.00014,90.47
o_b8hcp-caseSC-c700-r84_47-d2o96_8-v3700.o,700.0,3700.0,84.47423,0.9075,0.00017,90.49
o_b8hcp-caseSC-c700-r85_21-d2o96_8-v3800.o,700.0,3800.0,85.21123,0.90384,0.00018,90.51
o_b8hcp-caseSC-c700-r86_65-d2o96_8-v4000.o,700.0,4000.0,86.64815,0.89669,0.00015,90.53
o_b8hcp-caseSC-c700-r87_35-d2o96_8-v4100.o,700.0,4100.0,87.34908,0.89283,0.00016,90.54
o_b8hcp-caseSC-c700-r88_04-d2o96_8-v4200.o,700.0,4200.0,88.03893,0.8898,0.00017,90.53
o_b8hcp-caseSC-c750-r59_05-d2o96_8-v1200.o,750.0,1200.0,59.05049,0.9345,0.00017,86.07
o_b8hcp-caseSC-c750-r61_95-d2o96_8-v1400.o,750.0,1400.0,61.94877,0.94852,0.00016,87.14
o_b8hcp-caseSC-c750-r67_05-d2o96_8-v1800.o,750.0,1800.0,67.04724,0.96087,0.00014,88.48
o_b8hcp-caseSC-c750-r69_33-d2o96_8-v2000.o,750.0,2000.0,69.32901,0.96223,0.00016,88.95
o_b8hcp-caseSC-c750-r70_42-d2o96_8-v2100.o,750.0,2100.0,70.41563,0.96284,0.00015,89.13
o_b8hcp-caseSC-c750-r71_47-d2o96_8-v2200.o,750.0,2200.0,71.46972,0.96216,0.00015,89.31
o_b8hcp-caseSC-c750-r72_49-d2o96_8-v2300.o,750.0,2300.0,72.4936,0.96108,0.00016,89.44
o_b8hcp-caseSC-c750-r73_49-d2o96_8-v2400.o,750.0,2400.0,73.48934,0.96042,0.00015,89.59
o_b8hcp-caseSC-c750-r74_46-d2o96_8-v2500.o,750.0,2500.0,74.45881,0.95849,0.00017,89.7
o_b8hcp-caseSC-c750-r75_40-d2o96_8-v2600.o,750.0,2600.0,75.40367,0.95717,0.00016,89.81
o_b8hcp-caseSC-c750-r76_33-d2o96_8-v2700.o,750.0,2700.0,76.32542,0.95565,0.00015,89.9
o_b8hcp-caseSC-c750-r77_23-d2o96_8-v2800.o,750.0,2800.0,77.22544,0.95347,0.00017,89.99
o_b8hcp-caseSC-c750-r78_10-d2o96_8-v2900.o,750.0,2900.0,78.10495,0.95088,0.00015,90.06
o_b8hcp-caseSC-c750-r78_97-d2o96_8-v3000.o,750.0,3000.0,78.96509,0.94847,0.00016,90.12
o_b8hcp-caseSC-c750-r79_81-d2o96_8-v3100.o,750.0,3100.0,79.80688,0.94617,0.00014,90.19
o_b8hcp-caseSC-c750-r80_63-d2o96_8-v3200.o,750.0,3200.0,80.63129,0.94362,0.00016,90.25
o_b8hcp-caseSC-c750-r81_44-d2o96_8-v3300.o,750.0,3300.0,81.43917,0.941,0.00015,90.3
o_b8hcp-caseSC-c750-r82_23-d2o96_8-v3400.o,750.0,3400.0,82.23133,0.93799,0.00017,90.34
o_b8hcp-caseSC-c750-r83_01-d2o96_8-v3500.o,750.0,3500.0,83.00852,0.93506,0.00016,90.38
o_b8hcp-caseSC-c750-r83_77-d2o96_8-v3600.o,750.0,3600.0,83.77142,0.93251,0.00014,90.42
o_b8hcp-caseSC-c750-r84_52-d2o96_8-v3700.o,750.0,3700.0,84.52067,0.92935,0.00013,90.45
o_b8hcp-caseSC-c750-r85_26-d2o96_8-v3800.o,750.0,3800.0,85.25687,0.92639,0.00016,90.5
o_b8hcp-caseSC-c750-r86_69-d2o96_8-v4000.o,750.0,4000.0,86.69229,0.92033,0.00014,90.53
o_b8hcp-caseSC-c750-r87_39-d2o96_8-v4100.o,750.0,4100.0,87.39251,0.91729,0.00016,90.55
o_b8hcp-caseSC-c750-r88_08-d2o96_8-v4200.o,750.0,4200.0,88.08169,0.91411,0.00016,90.56
o_b8hcp-caseSC-c800-r59_15-d2o96_8-v1200.o,800.0,1200.0,59.14543,0.92891,0.00014,85.37
o_b8hcp-caseSC-c800-r62_04-d2o96_8-v1400.o,800.0,1400.0,62.03505,0.94567,0.00015,86.55
o_b8hcp-caseSC-c800-r67_12-d2o96_8-v1800.o,800.0,1800.0,67.12092,0.96285,0.00016,88.09
o_b8hcp-caseSC-c800-r69_40-d2o96_8-v2000.o,800.0,2000.0,69.39792,0.96623,0.00016,88.59
o_b8hcp-caseSC-c800-r70_48-d2o96_8-v2100.o,800.0,2100.0,70.48244,0.96733,0.00016,88.83
o_b8hcp-caseSC-c800-r71_53-d2o96_8-v2200.o,800.0,2200.0,71.53457,0.9676,0.00016,89.01
o_b8hcp-caseSC-c800-r72_56-d2o96_8-v2300.o,800.0,2300.0,72.55663,0.96738,0.00015,89.19
o_b8hcp-caseSC-c800-r73_55-d2o96_8-v2400.o,800.0,2400.0,73.55068,0.96743,0.00017,89.32
o_b8hcp-caseSC-c800-r74_52-d2o96_8-v2500.o,800.0,2500.0,74.51857,0.96709,0.00015,89.46
o_b8hcp-caseSC-c800-r75_46-d2o96_8-v2600.o,800.0,2600.0,75.46194,0.96611,0.00017,89.57
o_b8hcp-caseSC-c800-r76_38-d2o96_8-v2700.o,800.0,2700.0,76.3823,0.96478,0.00014,89.71
o_b8hcp-caseSC-c800-r77_28-d2o96_8-v2800.o,800.0,2800.0,77.281,0.96356,0.00016,89.8
o_b8hcp-caseSC-c800-r78_16-d2o96_8-v2900.o,800.0,2900.0,78.15926,0.96153,0.00015,89.9
o_b8hcp-caseSC-c800-r79_02-d2o96_8-v3000.o,800.0,3000.0,79.01823,0.96007,0.00014,89.97
o_b8hcp-caseSC-c800-r79_86-d2o96_8-v3100.o,800.0,3100.0,79.85891,0.95787,0.00017,90.05
o_b8hcp-caseSC-c800-r80_68-d2o96_8-v3200.o,800.0,3200.0,80.68225,0.95593,0.00015,90.12
o_b8hcp-caseSC-c800-r81_49-d2o96_8-v3300.o,800.0,3300.0,81.48913,0.95416,0.00015,90.18
o_b8hcp-caseSC-c800-r82_28-d2o96_8-v3400.o,800.0,3400.0,82.28034,0.95166,0.00015,90.24
o_b8hcp-caseSC-c800-r83_06-d2o96_8-v3500.o,800.0,3500.0,83.05661,0.94942,0.00015,90.3
o_b8hcp-caseSC-c800-r83_82-d2o96_8-v3600.o,800.0,3600.0,83.81864,0.94711,0.00016,90.34
o_b8hcp-caseSC-c800-r84_57-d2o96_8-v3700.o,800.0,3700.0,84.56706,0.94434,0.00019,90.38
o_b8hcp-caseSC-c800-r85_30-d2o96_8-v3800.o,800.0,3800.0,85.30246,0.94175,0.00013,90.41
o_b8hcp-caseSC-c800-r86_74-d2o96_8-v4000.o,800.0,4000.0,86.73639,0.93679,0.00017,90.48
o_b8hcp-caseSC-c800-r87_44-d2o96_8-v4100.o,800.0,4100.0,87.4359,0.93398,0.00017,90.5
o_b8hcp-caseSC-c800-r88_12-d2o96_8-v4200.o,800.0,4200.0,88.1244,0.93126,0.00014,90.53
o_b8hcp-caseSC-c850-r59_24-d2o96_8-v1200.o,850.0,1200.0,59.24006,0.92721,0.00015,84.99
o_b8hcp-caseSC-c850-r62_12-d2o96_8-v1400.o,850.0,1400.0,62.12109,0.94495,0.00016,86.22
o_b8hcp-caseSC-c850-r67_19-d2o96_8-v1800.o,850.0,1800.0,67.19444,0.96491,0.00015,87.86
o_b8hcp-caseSC-c850-r69_47-d2o96_8-v2000.o,850.0,2000.0,69.4667,0.96948,0.00014,88.41
o_b8hcp-caseSC-c850-r70_55-d2o96_8-v2100.o,850.0,2100.0,70.54912,0.97115,0.00017,88.63
o_b8hcp-caseSC-c850-r71_60-d2o96_8-v2200.o,850.0,2200.0,71.59931,0.97192,0.00014,88.83
o_b8hcp-caseSC-c850-r72_62-d2o96_8-v2300.o,850.0,2300.0,72.61956,0.97242,0.00014,89.02
o_b8hcp-caseSC-c850-r73_61-d2o96_8-v2400.o,850.0,2400.0,73.61192,0.97248,0.00016,89.18
o_b8hcp-caseSC-c850-r74_58-d2o96_8-v2500.o,850.0,2500.0,74.57823,0.97201,0.00015,89.33
o_b8hcp-caseSC-c850-r75_52-d2o96_8-v2600.o,850.0,2600.0,75.52012,0.97148,0.00016,89.45
o_b8hcp-caseSC-c850-r76_44-d2o96_8-v2700.o,850.0,2700.0,76.43909,0.97071,0.00015,89.58
o_b8hcp-caseSC-c850-r77_34-d2o96_8-v2800.o,850.0,2800.0,77.33647,0.96964,0.00016,89.69
o_b8hcp-caseSC-c850-r78_21-d2o96_8-v2900.o,850.0,2900.0,78.2135,0.9686,0.00015,89.8
o_b8hcp-caseSC-c850-r79_07-d2o96_8-v3000.o,850.0,3000.0,79.07129,0.96707,0.00016,89.88
o_b8hcp-caseSC-c850-r79_91-d2o96_8-v3100.o,850.0,3100.0,79.91087,0.96542,0.00016,89.96
o_b8hcp-caseSC-c850-r80_73-d2o96_8-v3200.o,850.0,3200.0,80.73316,0.96367,0.00016,90.05
o_b8hcp-caseSC-c850-r81_54-d2o96_8-v3300.o,850.0,3300.0,81.53903,0.96187,0.00016,90.13
o_b8hcp-caseSC-c850-r82_33-d2o96_8-v3400.o,850.0,3400.0,82.32928,0.95978,0.00015,90.17
o_b8hcp-caseSC-c850-r83_10-d2o96_8-v3500.o,850.0,3500.0,83.10465,0.95792,0.00014,90.24
o_b8hcp-caseSC-c850-r83_87-d2o96_8-v3600.o,850.0,3600.0,83.86581,0.95573,0.00016,90.29
o_b8hcp-caseSC-c850-r84_61-d2o96_8-v3700.o,850.0,3700.0,84.6134,0.95359,0.00015,90.34
o_b8hcp-caseSC-c850-r85_35-d2o96_8-v3800.o,850.0,3800.0,85.34801,0.95123,0.00015,90.38
o_b8hcp-caseSC-c850-r86_78-d2o96_8-v4000.o,850.0,4000.0,86.78044,0.94643,0.00015,90.45
o_b8hcp-caseSC-c850-r87_48-d2o96_8-v4100.o,850.0,4100.0,87.47925,0.94391,0.00015,90.49
o_b8hcp-caseSC-c850-r88_17-d2o96_8-v4200.o,850.0,4200.0,88.16708,0.9411,0.00017,90.52
o_b8hcp-caseSC-c900-r59_33-d2o96_8-v1200.o,900.0,1200.0,59.33439,0.91877,0.00016,84.22
o_b8hcp-caseSC-c900-r62_21-d2o96_8-v1400.o,900.0,1400.0,62.20689,0.93936,0.00016,85.59
o_b8hcp-caseSC-c900-r67_27-d2o96_8-v1800.o,900.0,1800.0,67.26779,0.96336,0.00015,87.39
o_b8hcp-caseSC-c900-r69_54-d2o96_8-v2000.o,900.0,2000.0,69.53535,0.96973,0.00018,87.99
o_b8hcp-caseSC-c900-r70_62-d2o96_8-v2100.o,900.0,2100.0,70.61568,0.97226,0.00016,88.24
o_b8hcp-caseSC-c900-r71_66-d2o96_8-v2200.o,900.0,2200.0,71.66393,0.97364,0.00017,88.48
o_b8hcp-caseSC-c900-r72_68-d2o96_8-v2300.o,900.0,2300.0,72.68238,0.97524,0.00016,88.68
o_b8hcp-caseSC-c900-r73_67-d2o96_8-v2400.o,900.0,2400.0,73.67306,0.97605,0.00016,88.88
o_b8hcp-caseSC-c900-r74_64-d2o96_8-v2500.o,900.0,2500.0,74.6378,0.97667,0.00014,89.04
o_b8hcp-caseSC-c900-r75_58-d2o96_8-v2600.o,900.0,2600.0,75.57821,0.97679,0.00015,89.2
o_b8hcp-caseSC-c900-r76_50-d2o96_8-v2700.o,900.0,2700.0,76.49579,0.9763,0.00015,89.34
o_b8hcp-caseSC-c900-r77_39-d2o96_8-v2800.o,900.0,2800.0,77.39187,0.97609,0.00014,89.45
o_b8hcp-caseSC-c900-r78_27-d2o96_8-v2900.o,900.0,2900.0,78.26767,0.97535,0.00015,89.56
o_b8hcp-caseSC-c900-r79_12-d2o96_8-v3000.o,900.0,3000.0,79.12429,0.97451,0.00016,89.68
o_b8hcp-caseSC-c900-r79_96-d2o96_8-v3100.o,900.0,3100.0,79.96276,0.97371,0.00016,89.79
o_b8hcp-caseSC-c900-r80_78-d2o96_8-v3200.o,900.0,3200.0,80.784,0.97204,0.00017,89.87
o_b8hcp-caseSC-c900-r81_59-d2o96_8-v3300.o,900.0,3300.0,81.58887,0.97083,0.00015,89.94
o_b8hcp-caseSC-c900-r82_38-d2o96_8-v3400.o,900.0,3400.0,82.37817,0.96959,0.00014,90.02
o_b8hcp-caseSC-c900-r83_15-d2o96_8-v3500.o,900.0,3500.0,83.15263,0.96785,0.00016,90.08
o_b8hcp-caseSC-c900-r83_91-d2o96_8-v3600.o,900.0,3600.0,83.91293,0.96618,0.00014,90.17
o_b8hcp-caseSC-c900-r84_66-d2o96_8-v3700.o,900.0,3700.0,84.65969,0.96452,0.00016,90.21
o_b8hcp-caseSC-c900-r85_39-d2o96_8-v3800.o,900.0,3800.0,85.3935,0.96259,0.00013,90.28
o_b8hcp-caseSC-c900-r86_82-d2o96_8-v4000.o,900.0,4000.0,86.82444,0.95834,0.00016,90.36
o_b8hcp-caseSC-c900-r87_52-d2o96_8-v4100.o,900.0,4100.0,87.52256,0.95641,0.00013,90.39
o_b8hcp-caseSC-c900-r88_21-d2o96_8-v4200.o,900.0,4200.0,88.20971,0.95433,0.00016,90.44
